
-- --------------------------------------------------------

--
-- Struttura della tabella `pdf_documents`
--

CREATE TABLE IF NOT EXISTS `pdf_documents` (
  `id_document` int(11) NOT NULL AUTO_INCREMENT,
  `id_unique` varchar(40) NOT NULL DEFAULT '',
  `document_name` varchar(200) NOT NULL DEFAULT '',
  `centrato` tinyint(1) NOT NULL DEFAULT '0',
  `sub_title` varchar(200) NOT NULL DEFAULT '',
  `descrizione` text NOT NULL,
  `date_document` date NOT NULL DEFAULT '0000-00-00',
  `sezioni` tinyint(1) NOT NULL DEFAULT '0',
  `data_ins` date NOT NULL DEFAULT '0000-00-00',
  `ora_ins` time NOT NULL DEFAULT '00:00:00',
  PRIMARY KEY (`id_document`)
) ENGINE=MyISAM AUTO_INCREMENT=4 DEFAULT CHARSET=utf8mb4;

--
-- Dump dei dati per la tabella `pdf_documents`
--

INSERT INTO `pdf_documents` (`id_document`, `id_unique`, `document_name`, `centrato`, `sub_title`, `descrizione`, `date_document`, `sezioni`, `data_ins`, `ora_ins`) VALUES
(1, '', 'Document name', 0, '', '', '2025-01-16', 1, '0000-00-00', '00:00:00'),
(2, '711d906cd9c1ab6e493a262a6a18bf9a', 'REGOLAMENTO DISCIPLINA\r\nImposta Municipale Propria (IMU)', 1, '', '<div style=\"text-align: center;\">LEGGE 27 dicembre 2019, n. 160 &ndash; ART.1 commi da 739 a 783</div> <div style=\"text-align: center;\"><em><br>aggiornamento</em></div> <div style=\"text-align: center;\">&nbsp;</div> <div style=\"text-align: center;\"><em>- Decreto Legislativo n.219 del 30/12/2023 &ldquo;Modifiche allo statuto dei diritti del contribuente&rdquo; </em><br><em>- Decreto Legislativo n.220 del 30/12/2023 &ldquo;Disposizioni in materia di contenzioso tributario&rdquo;</em><br></div> <div style=\"text-align: center;\"><em>&nbsp;</em></div> <div style=\"text-align: center;\">&nbsp;</div> <div style=\"text-align: center;\"><br></div> <div style=\"text-align: center;\">&nbsp;</div> <div style=\"text-align: center;\">(Approvato con Deliberazione Consiliare n. 14 del 14/03/2024)</div>', '2025-01-17', 1, '2025-01-17', '13:59:55'),
(3, '8149522cd55413746d54d5000d75375c', 'DELIBERAZIONE DEL CONSIGLIO COMUNALE\r\nN. 14 del 14-03-24', 1, '', '<p>L\'anno&nbsp; duemilaventiquattro, il giorno&nbsp; quattordici del mese di marzo alle ore 18:30, presso la sala consiliare, con le formalit&agrave; dovute dalla&nbsp; legge&nbsp; comunale e provinciale, si &eacute; riunito il Consiglio Comunale in sessione Straordinaria ed in Prima convocazione.<br><strong>===================================================================<br>Oggetto:<br></strong><strong>APPROVAZIONE REGOLAMENTO PER L\'APPLICAZIONE DELL\'IMPOSTA MUNICIPALE PROPRIA \"IMU\" ANNO 2024<br>===================================================================<br></strong><br></p>', '2025-01-18', 0, '2025-01-18', '18:24:48');

-- --------------------------------------------------------

--
-- Struttura della tabella `pdf_sections`
--

CREATE TABLE IF NOT EXISTS `pdf_sections` (
  `id_section` int(10) NOT NULL AUTO_INCREMENT,
  `id_document` int(11) NOT NULL DEFAULT '0',
  `section_title` varchar(255) NOT NULL,
  `centrato` tinyint(1) NOT NULL DEFAULT '0',
  `sub_title` varchar(250) NOT NULL,
  `description` text NOT NULL,
  `order_sec` smallint(6) NOT NULL DEFAULT '0',
  PRIMARY KEY (`id_section`),
  KEY `order_sec` (`order_sec`),
  KEY `id_document` (`id_document`)
) ENGINE=MyISAM AUTO_INCREMENT=26 DEFAULT CHARSET=utf8mb4;

--
-- Dump dei dati per la tabella `pdf_sections`
--

INSERT INTO `pdf_sections` (`id_section`, `id_document`, `section_title`, `centrato`, `sub_title`, `description`, `order_sec`) VALUES
(1, 1, 'Lorem ipsum dolor sit amet', 0, 'aaaa', '', 1),
(2, 1, 'Aliquam ac metus quis nisi varius elementum sed a lorem', 0, '', '', 2),
(3, 2, 'OGGETTO', 1, '', '', 1),
(4, 2, 'PRESUPPOSTO DELL’IMPOSTA', 1, '', '', 2),
(5, 2, 'DEFINIZIONE DI IMMOBILI', 1, '', '', 3),
(6, 2, 'AREE FABBRICABILI POSSEDUTE E CONDOTTE DAI COLTIVATORI DIRETTI E DAGLI IMPRENDITORI AGRICOLI PROFESSIONALI', 1, '', '', 4),
(7, 2, 'SOGGETTO ATTIVO DELL’OBBLIGAZIONE TRIBUTARIA', 1, '', '', 5),
(8, 2, 'SOGGETTI PASSIVI DELL’OBBLIGAZIONE TRIBUTARIA', 1, '', '', 6),
(9, 2, 'QUOTA DI IMPOSTA RISERVATA ALLO STATO', 1, '', '', 7),
(10, 2, 'DETERMINAZIONE DELLA BASE IMPONIBILE', 1, '', '', 8),
(11, 2, 'DETERMINAZIONE DELLE ALIQUOTE', 1, '', '', 9),
(12, 2, 'ESENZIONI', 1, '', '', 10),
(13, 2, 'APPLICAZIONE DELL’IMPOSTA E VERSAMENTI', 1, '', '', 11),
(14, 2, 'RIMBORSI', 1, '', '', 12),
(15, 2, 'ACCERTAMENTI E SANZIONI', 1, '', '', 13),
(16, 2, 'RISCOSSIONE DELL’IMPOSTA', 1, '', '', 14),
(17, 2, 'RISCOSSIONE COATTIVA', 1, '', '', 15),
(18, 2, 'FUNZIONARIO RESPONSABILE DEL TRIBUTO', 1, '', '', 16),
(19, 2, 'CONTENZIOSO-CONTRADDITTORIO-AUTOTUTELA', 1, '', '', 17),
(20, 2, 'ABROGAZIONI', 1, '', '', 18),
(21, 2, 'RINVIO', 1, '', '', 19),
(22, 2, 'ENTRATA IN VIGORE', 1, '', '', 20),
(24, 1, 'sezione 3', 0, 'sottotitolo sezione 3', '', 3),
(25, 1, 'soto 3', 0, '', '', 4);

-- --------------------------------------------------------

--
-- Struttura della tabella `pdf_section_tables`
--

CREATE TABLE IF NOT EXISTS `pdf_section_tables` (
  `id` int(11) NOT NULL AUTO_INCREMENT,
  `id_document` int(11) NOT NULL DEFAULT '0',
  `id_section` int(11) NOT NULL DEFAULT '0',
  `id_subsection` int(11) NOT NULL DEFAULT '0',
  `id_table` int(11) NOT NULL DEFAULT '0',
  `data_type` varchar(15) NOT NULL DEFAULT '',
  `col_1` varchar(100) NOT NULL DEFAULT '',
  `col_2` varchar(100) NOT NULL DEFAULT '',
  `col_3` varchar(100) NOT NULL DEFAULT '',
  `col_4` varchar(100) NOT NULL DEFAULT '',
  `col_5` varchar(100) NOT NULL DEFAULT '',
  `col_6` varchar(100) NOT NULL DEFAULT '',
  `col_7` varchar(100) NOT NULL DEFAULT '',
  `col_8` varchar(100) NOT NULL DEFAULT '',
  `col_9` varchar(100) NOT NULL DEFAULT '',
  `col_10` varchar(100) NOT NULL DEFAULT '',
  `col_11` varchar(100) NOT NULL DEFAULT '',
  `col_12` varchar(100) NOT NULL DEFAULT '',
  `col_13` varchar(100) NOT NULL DEFAULT '',
  `col_14` varchar(100) NOT NULL DEFAULT '',
  `col_15` varchar(100) NOT NULL DEFAULT '',
  `col_16` varchar(100) NOT NULL DEFAULT '',
  `order_num` smallint(6) NOT NULL DEFAULT '0',
  PRIMARY KEY (`id`),
  KEY `id_section` (`id_section`),
  KEY `id_subsection` (`id_subsection`),
  KEY `order_num` (`order_num`),
  KEY `id_document` (`id_document`)
) ENGINE=MyISAM AUTO_INCREMENT=24 DEFAULT CHARSET=utf8mb4;

--
-- Dump dei dati per la tabella `pdf_section_tables`
--

INSERT INTO `pdf_section_tables` (`id`, `id_document`, `id_section`, `id_subsection`, `id_table`, `data_type`, `col_1`, `col_2`, `col_3`, `col_4`, `col_5`, `col_6`, `col_7`, `col_8`, `col_9`, `col_10`, `col_11`, `col_12`, `col_13`, `col_14`, `col_15`, `col_16`, `order_num`) VALUES
(1, 1, 0, 0, 9, 'title', 'Title1', 'Title2', 'Title3', 'Title4', '', '', '', '', '', '', '', '', '', '', '', '', 1),
(17, 1, 2, 5, 47, 'larghezza', '0', '0', '0', '0', '', '', '', '', '', '', '', '', '', '', '', '', 0),
(16, 1, 0, 0, 9, 'data', 'Data1', 'Data2', 'Data3', 'Data1', '', '', '', '', '', '', '', '', '', '', '', '', 1),
(6, 3, 0, 0, 33, 'larghezza', '45', '5', '45', '5', '', '', '', '', '', '', '', '', '', '', '', '', 0),
(7, 3, 0, 0, 33, 'title', '', '', '', '', '', '', '', '', '', '', '', '', '', '', '', '', 0),
(8, 3, 0, 0, 33, 'data', 'Aloisi Gianni', 'P', 'ALOISI ALESSANDRO', 'P', '', '', '', '', '', '', '', '', '', '', '', '', 1),
(9, 3, 0, 0, 33, 'data', 'OLIVIERI LUCA', 'P', 'BELLAGAMBA ERICA', 'P', '', '', '', '', '', '', '', '', '', '', '', '', 2),
(10, 3, 0, 0, 33, 'data', 'PAOLINI MARIA LORENZA', 'A', 'FABRI GIORGIA', 'P', '', '', '', '', '', '', '', '', '', '', '', '', 3),
(11, 3, 0, 0, 33, 'data', 'PIERANGELI LAURA', 'P', 'GIRALDI LUCIA', 'P', '', '', '', '', '', '', '', '', '', '', '', '', 4),
(12, 3, 0, 0, 33, 'data', 'SPALLACCI FRANCESCO', 'P', 'MAORI MORENA', 'P', '', '', '', '', '', '', '', '', '', '', '', '', 5),
(13, 3, 0, 0, 33, 'data', 'BETTINI SARA', 'P', 'SEBASTIANELLI RAFFAELE', 'P', '', '', '', '', '', '', '', '', '', '', '', '', 6),
(14, 3, 0, 0, 33, 'data', 'BALDASSARRI MATTEO', 'P', '', '', '', '', '', '', '', '', '', '', '', '', '', '', 7),
(15, 1, 0, 0, 9, 'larghezza', '45', '5', '45', '5', '', '', '', '', '', '', '', '', '', '', '', '', 0),
(18, 1, 2, 5, 47, 'title', '', '', '', '', '', '', '', '', '', '', '', '', '', '', '', '', 0),
(19, 1, 2, 5, 47, 'data', 'aa', 'bb', 'nn', 'mm', '', '', '', '', '', '', '', '', '', '', '', '', 1),
(23, 1, 0, 0, 9, 'data', '36', '', '', '', '', '', '', '', '', '', '', '', '', '', '', '', 2);

-- --------------------------------------------------------

--
-- Struttura della tabella `pdf_section_text`
--

CREATE TABLE IF NOT EXISTS `pdf_section_text` (
  `id_text` int(10) NOT NULL AUTO_INCREMENT,
  `id_document` int(11) NOT NULL DEFAULT '0',
  `id_section` int(11) NOT NULL DEFAULT '0',
  `id_subsection` int(11) NOT NULL DEFAULT '0',
  `num_cols` tinyint(4) NOT NULL DEFAULT '0',
  `image` tinyint(1) NOT NULL DEFAULT '0',
  `image_path` varchar(200) NOT NULL DEFAULT '',
  `content` text NOT NULL,
  `order_num` smallint(6) NOT NULL DEFAULT '0',
  PRIMARY KEY (`id_text`),
  KEY `order_num` (`order_num`),
  KEY `order_num_2` (`order_num`),
  KEY `id_document` (`id_document`),
  KEY `id_subsection` (`id_subsection`),
  KEY `id_section` (`id_section`)
) ENGINE=MyISAM AUTO_INCREMENT=68 DEFAULT CHARSET=utf8mb4;

--
-- Dump dei dati per la tabella `pdf_section_text`
--

INSERT INTO `pdf_section_text` (`id_text`, `id_document`, `id_section`, `id_subsection`, `num_cols`, `image`, `image_path`, `content`, `order_num`) VALUES
(1, 1, 0, 0, 0, 0, '', '<p>Lorem ipsum dolor sit amet, consectetur adipiscing elit. Vestibulum congue tempus sem eget aliquet. In erat purus, luctus nec malesuada aliquam, eleifend rutrum tellus. Vivamus blandit leo et sem vestibulum aliquet. Maecenas eros felis, tempor vel eleifend interdum, cursus ac elit. Sed a libero et lorem lobortis efficitur id eleifend orci. Praesent sit amet turpis nunc. Mauris massa lacus, cursus non porta in, pretium ac dolor. Etiam vehicula nulla est, et ultrices lorem pellentesque vel. Donec metus augue, ornare eget sem non, bibendum rutrum est. Praesent tincidunt rutrum sem ac volutpat. Proin porttitor sodales massa fermentum mollis. Suspendisse laoreet, lacus vitae sagittis ultrices, lectus diam pretium velit, vitae convallis velit neque sit amet est. Nulla cursus turpis quis felis commodo, quis bibendum ligula dignissim. Suspendisse vel ligula augue.</p><p>Phasellus non metus vehicula, tempor risus ut, auctor elit. Pellentesque in lorem et arcu tincidunt semper in a orci. Suspendisse potenti. Aliquam erat volutpat. Suspendisse ornare finibus sapien, sed viverra libero feugiat a. Aliquam condimentum faucibus ligula, vitae ultrices turpis hendrerit blandit. Maecenas ipsum augue, consequat ut laoreet et, auctor ut diam. Morbi tempus nisi quis ornare sollicitudin. In facilisis diam arcu.</p>', 1),
(3, 1, 0, 0, 0, 0, '', '<p>Curabitur scelerisque vulputate lorem, ac ultricies nibh pharetra pellentesque. Duis eu euismod dolor. Donec ultrices feugiat ullamcorper. Nam luctus massa quis mauris molestie rutrum. Nullam at enim ut nibh accumsan pharetra. Nullam arcu est, fringilla id nunc vel, iaculis eleifend lacus. Nullam in porta neque, sit amet tempor lorem. Sed non ullamcorper justo. Praesent diam tortor, ultricies euismod lectus nec, vehicula auctor nisi. In vel est non risus malesuada feugiat. Phasellus ac porta magna. Integer egestas turpis vitae sapien placerat, in tempor nisl placerat. Donec sed lorem eget sapien convallis vestibulum. In sed rutrum felis, eget vestibulum tellus. In dui lacus, pulvinar ut mollis a, maximus eu est. Donec id ipsum eu lectus finibus dignissim auctor at massa.</p>', 3),
(53, 1, 0, 0, 0, 1, 'images/artemedia/34-congresso-istochimica-1737413676.jpg', 'testo', 8),
(5, 1, 0, 0, 0, 0, '', '<p>Aliquam ac metus quis nisi varius elementum sed a lorem. In consequat rutrum pellentesque. Donec quis magna nec elit congue pretium. Curabitur id consectetur ipsum. Nulla facilisi. Donec at convallis est. Vivamus in blandit sapien. Sed consectetur erat sollicitudin, aliquet purus et, tristique metus. Quisque non nisi quis urna elementum semper ac tincidunt magna. In at dolor a justo sollicitudin vulputate. Vestibulum rutrum malesuada metus, gravida congue lacus.</p><p>Nam tristique dui sed velit pharetra luctus. In iaculis et sem sed pharetra. Vestibulum vehicula aliquet lectus sed suscipit. Nam gravida, quam a ornare lacinia, elit nisi sodales velit, et porttitor ex lectus et lorem. Etiam vitae diam id lorem fringilla dignissim eget et nisl. Suspendisse ut mattis turpis. Morbi posuere, augue eu tempor iaculis, magna massa luctus est, nec auctor metus dui vel massa. Quisque aliquet, arcu eu lobortis vehicula, turpis mauris maximus elit, eu pretium velit sapien vel urna. Nullam fringilla leo ante, id iaculis turpis viverra ut. Proin suscipit lacinia vehicula. Aenean a sapien et erat sagittis scelerisque. Curabitur eu augue facilisis, facilisis turpis et, tincidunt libero. Nullam maximus efficitur ex consequat condimentum. Nulla vitae mauris nulla. Ut cursus, ipsum nec bibendum hendrerit, mi enim varius metus, a tincidunt urna leo id ipsum.</p><p>Pellentesque faucibus mauris ligula, vitae tristique odio pretium eget. Nam in consectetur ipsum. Cras quis mollis lectus. Proin efficitur tincidunt mi, malesuada euismod eros gravida sit amet. Morbi ipsum lorem, elementum ac tempus mollis, euismod non enim. Duis vitae justo et augue viverra maximus egestas in urna. In condimentum justo vitae elementum luctus. Etiam gravida velit nec mi suscipit, sed luctus est ornare. Quisque eget neque et lectus hendrerit venenatis. Aliquam bibendum sollicitudin tristique. Vivamus posuere libero sed viverra blandit.</p>', 6),
(6, 1, 0, 0, 0, 0, '', '<p>Nam vel ultrices libero. Aliquam hendrerit nec est sodales ultricies. Phasellus congue imperdiet erat, non elementum nibh lobortis eu. Suspendisse quam ligula, vulputate a nunc sit amet, accumsan efficitur risus. Vestibulum tristique tellus sit amet est posuere hendrerit. Quisque aliquet congue tincidunt. Vivamus feugiat massa in felis pulvinar rutrum.</p>\r\n<p>Pellentesque habitant morbi tristique senectus et netus et malesuada fames ac turpis egestas. Cras imperdiet nisi ut bibendum dictum. Mauris non malesuada neque, id maximus lectus. Donec at tortor dignissim, convallis urna in, fringilla leo. Sed mollis rutrum turpis sed finibus. Maecenas rutrum sapien in urna ullamcorper, ut fermentum lorem pulvinar. Integer dictum velit a ex dictum sagittis. Aenean hendrerit lectus eu nulla lobortis aliquet nec sed sapien.</p>', 7),
(7, 1, 1, 1, 0, 0, '', '<p>sez 1 - Praesent sit amet turpis nunc. Mauris massa lacus, cursus non porta in, pretium ac dolor. Etiam vehicula nulla est, et ultrices lorem pellentesque vel. Donec metus augue, ornare eget sem non, bibendum rutrum est. Praesent tincidunt rutrum sem ac volutpat. Proin porttitor sodales massa fermentum mollis. Suspendisse laoreet, lacus vitae sagittis ultrices, lectus diam pretium velit, vitae convallis velit neque sit amet est. Nulla cursus turpis quis felis commodo, quis bibendum ligula dignissim. Suspendisse vel ligula augue.</p><p>Phasellus non metus vehicula, tempor risus ut, auctor elit. Pellentesque in lorem et arcu tincidunt semper in a orci. Suspendisse potenti. Aliquam erat volutpat. Suspendisse ornare finibus sapien, sed viverra libero feugiat a. Aliquam condimentum faucibus ligula, vitae ultrices turpis hendrerit blandit. Maecenas ipsum augue, consequat ut laoreet et, auctor ut diam. Morbi tempus nisi quis ornare sollicitudin. In facilisis diam arcu.</p>', 1),
(8, 1, 2, 2, 0, 0, '', '<p>sez 2 - Praesent sit amet turpis nunc. Mauris massa lacus, cursus non porta in, pretium ac dolor. Etiam vehicula nulla est, et ultrices lorem pellentesque vel. Donec metus augue, ornare eget sem non, bibendum rutrum est. Praesent tincidunt rutrum sem ac volutpat. Proin porttitor sodales massa fermentum mollis. Suspendisse laoreet, lacus vitae sagittis ultrices, lectus diam pretium velit, vitae convallis velit neque sit amet est. Nulla cursus turpis quis felis commodo, quis bibendum ligula dignissim. Suspendisse vel ligula augue.</p><p>Phasellus non metus vehicula, tempor risus ut, auctor elit. Pellentesque in lorem et arcu tincidunt semper in a orci. Suspendisse potenti. Aliquam erat volutpat. Suspendisse ornare finibus sapien, sed viverra libero feugiat a. Aliquam condimentum faucibus ligula, vitae ultrices turpis hendrerit blandit. Maecenas ipsum augue, consequat ut laoreet et, auctor ut diam. Morbi tempus nisi quis ornare sollicitudin. In facilisis diam arcu.</p>', 1),
(9, 1, 0, 0, 4, 0, '', '2||4||1||1||Nome/descrizione breve tabella||1||Didascalia tabella||1', 5),
(11, 2, 3, 0, 0, 0, '', '<ol> <li><strong> </strong>Il presente regolamento disciplina l&rsquo;<strong>IMPOSTA MUNICIPALE PROPRIA (IMU)</strong> sulla base delle disposizioni di cui all&rsquo;art.1 commi da 739 a 783 della Legge 27 dicembre 2019, n. 160 &ldquo;Bilancio di previsione dello Stato per l\'anno finanziario 2020 e bilancio pluriennale per il triennio 2020-2022&rdquo; (pubblicata in GU Serie Generale n.304 del 30-12-2019 - Suppl. Ordinario n. 45), che sostituisce, tramite unificazione, i precedenti tributi IMU e TASI <strong>a decorrere dall&rsquo;anno 2020</strong>, in tutti i comuni del territorio nazionale.</li> <li><strong> </strong>Il presente regolamento &egrave; adottato nell&rsquo;ambito della potest&agrave; regolamentare prevista dall&rsquo;articolo 52 del D.Lgs. 446 del 15/12/1997.</li> <li><strong> </strong>Per quanto non regolamentato si applicano le disposizioni di legge vigenti.</li> </ol>', 1),
(12, 2, 4, 0, 0, 0, '', '<ol>\n<li><strong> </strong>Il presupposto dell\'imposta &egrave; il possesso di immobili.</li>\n<li><strong> </strong><strong><u>Il possesso dell\'abitazione principale o assimilata</u></strong>, <u>come definita alle successive lettere b) e c) dell&rsquo;articolo 3 comma 1</u>, <strong><u>non costituisce presupposto dell\'imposta</u></strong>, <u>salvo che si tratti di un\'unit&agrave; abitativa classificata nelle categorie catastali A/1, A/8 o A/9 per le quali l&rsquo;imposta &egrave; dovuta.</u></li>\n</ol>', 1),
(13, 2, 5, 0, 0, 0, '', '<ol>\n<li><strong> </strong>Ai fini dell&rsquo;applicazione dell&rsquo;IMPOSTA MUNICIPALE PROPRIA (IMU) valgono le seguenti definizioni e disposizioni:</li>\n</ol>\n<ol style=\"list-style-type: lower-alpha;\">\n<ol style=\"list-style-type: lower-alpha;\">\n<li><strong> </strong><strong>per fabbricato </strong>si intende l\'unit&agrave; immobiliare iscritta o che deve essere iscritta nel catasto edilizio urbano <u>con attribuzione di rendita catastale</u>, considerandosi parte integrante del fabbricato l\'area occupata dalla costruzione e quella che ne costituisce pertinenza esclusivamente ai fini urbanistici, <u>purch&eacute; accatastata unitariamente</u>; il fabbricato di nuova costruzione &egrave; soggetto all\'imposta, a partire dalla data di ultimazione dei lavori di costruzione ovvero, se antecedente, <u>dalla data in cui &egrave; comunque utilizzato</u>;</li>\n<li><strong> </strong><strong>per abitazione principale si intende l&rsquo;immobile, iscritto o iscrivibile nel catasto edilizio urbano come unica unit&agrave; immobiliare, nel quale il possessore dimora abitualmente e risiede anagraficamente</strong>.<br /><strong>Per pertinenze dell\'abitazione principale</strong> si intendono esclusivamente quelle classificate nelle categorie catastali C/2, C/6 e C/7, nella misura massima di un\'unit&agrave; pertinenziale per ciascuna delle categorie catastali indicate, anche se iscritte in catasto unitamente all\'unit&agrave; ad uso abitativo;</li>\n<li><strong> </strong>sono altres&igrave; considerate abitazioni principali, <strong>PER ASSIMILAZIONE</strong>:<br />1) le unit&agrave; immobiliari appartenenti alle <strong>cooperative edilizie a propriet&agrave; indivisa</strong> adibite ad abitazione principale e relative pertinenze dei <u>soci assegnatari</u>;<br />2) le unit&agrave; immobiliari appartenenti alle <strong>cooperative edilizie a propriet&agrave; indivisa</strong> destinate <u>a studenti universitari soci assegnatari</u>, anche in assenza di residenza anagrafica;<br />3) i fabbricati di civile abitazione destinati ad <strong>alloggi sociali</strong> come definiti dal decreto del Ministro delle infrastrutture 22 aprile 2008, pubblicato nella Gazzetta Ufficiale n. 146 del 24 giugno 2008, adibiti ad abitazione principale;<br />4) <strong>la casa familiare assegnata <u>al genitore affidatario dei figli</u></strong>, a seguito di provvedimento del giudice che costituisce altres&igrave; ai soli fini dell\'applicazione dell\'imposta, <u>il diritto di abitazione in capo al genitore affidatario stesso</u>;<br />5) un solo immobile, iscritto o iscrivibile nel catasto edilizio urbano come unica unit&agrave; immobiliare, posseduto e non concesso in locazione dal personale in servizio permanente appartenente alle <strong>Forze armate</strong> e alle Forze di polizia ad ordinamento militare e da quello dipendente delle Forze di polizia ad ordinamento civile, nonch&eacute; dal personale del Corpo nazionale dei vigili del fuoco, e, fatto salvo quanto previsto dall\'articolo 28, comma 1, del decreto legislativo 19 maggio 2000, n. 139, dal personale appartenente alla carriera prefettizia, <u>per il quale non sono richieste le condizioni della dimora abituale e della residenza anagrafica</u>;<br />6) <strong>l\'unit&agrave; immobiliare posseduta da anziani o disabili</strong> che acquisiscono la residenza in istituti di ricovero o sanitari a seguito di ricovero permanente, <u>a condizione che la stessa non risulti locata.</u> In caso di pi&ugrave; unit&agrave; immobiliari, la predetta agevolazione pu&ograve; essere applicata ad una sola unit&agrave; immobiliare;</li>\n<li><strong> </strong><strong>per area fabbricabile</strong> si intende l\'area utilizzabile a scopo edificatorio in base agli strumenti urbanistici generali o attuativi, ovvero in base alle possibilit&agrave; effettive di edificazione determinate secondo i criteri previsti agli effetti dell\'indennit&agrave; di espropriazione per pubblica utilit&agrave;. Si applica l\'articolo 36, comma 2, del decreto-legge 4 luglio 2006, n. 223, convertito, con modificazioni, dalla legge 4 agosto 2006, n. 248. <u>Sono considerati, tuttavia, non fabbricabili, i terreni posseduti e condotti dai coltivatori diretti e dagli imprenditori agricoli professionali di cui all\'articolo 1 del decreto legislativo 29 marzo 2004, n. 99, iscritti nella previdenza agricola</u>, comprese le societ&agrave; agricole di cui all\'articolo 1, comma 3, del citato decreto legislativo n. 99 del 2004, sui quali persiste l\'utilizzazione agro-silvo-pastorale mediante l\'esercizio di attivit&agrave; dirette alla coltivazione del fondo, alla silvicoltura, alla funghicoltura e all\'allevamento di animali.<br />Il comune, su richiesta del contribuente, attesta se un\'area sita nel proprio territorio &egrave; fabbricabile, in base alla pianificazione urbanistica vigente.<br /><u>Sono di seguito riportate ulteriori disposizioni e analisi di dettaglio utili alla definizione delle aree edificabili, del loro valore venale e termini applicativi</u> :</li>\n<ul style=\"list-style-type: disc;\">\n<li>Per stabilire il valore venale in comune commercio da utilizzare ai fini dell&rsquo;applicazione dell&rsquo;imposta per gli immobili che esprimono potenziale edificatorio, ci si avvale anche del principio di ragguaglio con &ldquo;l&rsquo;area fabbricabile&rdquo; da intendersi quale valore base di ricostruzione dell&rsquo;immobile. Pertanto tutti i potenziali edificatori, ancorch&eacute; residuali, sono soggetti alla prevista tassazione; in alternativa gli immobili stessi debbono essere espressamente privati, su conforme dichiarazione del proprietario, di tale potenziale edificatorio, perdendo cos&igrave; di fatto il loro valore venale.</li>\n<li>In virt&ugrave; delle disposizioni di cui sopra si considera area edificabile il suolo che rientra nello strumento urbanistico generale anche solo adottato dal Comune e non ancora approvato dai competenti organi regionali; ai fini di applicazione dell&rsquo;imposta non rileva pertanto l\'effettiva e concreta possibilit&agrave; di sfruttamento edificatorio del suolo, ma &egrave; sufficiente la semplice astratta potenzialit&agrave; edificatoria.</li>\n<li>Le aree ricomprese nelle zone edificabili di ampliamento/espansione urbanistica, sono considerate nel loro complesso, prescindendo dalla presentazione e/o approvazione del piano attuativo e dalla destinazione delle aree prevista dallo stesso, in quanto la semplice astratta potenzialit&agrave; edificatoria del &ldquo;comparto&rdquo; di ampliamento/espansione, determina una variazione del valore venale in comune commercio dell&rsquo;area; pertanto le opere di urbanizzazione previste nei piani attuativi, quali strade, marciapiedi parcheggi, verde pubblico ecc., potranno essere considerate con tale destinazione effettiva, esclusivamente in seguito al loro completamento come stabilito dalla convenzione sottoscritta con il comune, il quale proceder&agrave; con la verifica e collaudo delle opere eseguite e con successivo trasferimento delle stesse alla propriet&agrave; comunale. Pertanto fino tale momento le opere di urbanizzazione previste nei piani attuativi contribuiscono a determinare il valore venale in comune commercio del comparto edificatorio nel suo complesso, tenuto conto inoltre che in assenza di tali urbanizzazioni il progetto urbanistico non potrebbe essere attuato.</li>\n<li>Per le aree fabbricabili, il valore &egrave; costituito da quello venale in comune commercio al 1&deg; gennaio dell\'anno di imposizione, o a far data dall\'adozione degli strumenti urbanistici, avendo riguardo alla zona territoriale di ubicazione, all\'indice di edificabilit&agrave;, alla destinazione d\'uso consentita, agli oneri per eventuali lavori di adattamento del terreno necessari per la costruzione, ai prezzi medi rilevati sul mercato dalla vendita di aree aventi analoghe caratteristiche.</li>\n<li><u>La determinazione periodica e per zone omogenee dei valori venali in comune commercio delle aree fabbricabili da parte del Comune</u> <u>&egrave; da ritenersi utile al fine della limitazione del potere di accertamento del comune medesimo</u>, qualora l\'imposta sia stata versata sulla base di un valore non inferiore a quello predeterminato, secondo criteri improntati all\'obiettivo di ridurre al massimo l\'insorgenza di contenzioso; <strong><u>I valori di riferimento sono stabiliti con apposita delibera di Giunta da adottarsi entro il termine di determinazione delle aliquote e detrazioni</u></strong> ; In presenza di perizia di stima ovvero di atto idoneo al trasferimento del diritto di propriet&agrave; o altro diritto reale su area edificabile, l\'approvazione dei valori non impedisce al comune di procedere al recupero dell\'eventuale maggiore imposta calcolata tenuto conto dei nuovi elementi desumibili dai suddetti atti.</li>\n<li>La delibera di cui al comma precedente pu&ograve; essere modificata annualmente. <strong><u>In mancanza si intendono confermati i valori stabiliti per l&rsquo;anno precedente. </u></strong></li>\n<li>Le eventuali limitazioni al valore dell&rsquo;immobile, con particolare riferimento alla zona territoriale di ubicazione e alla destinazione d&rsquo;uso consentita, sono considerate per determinare la base imponibile e quindi la concreta misura dell&rsquo;imposizione, che tiene conto del valore del bene conseguente ai vincoli urbanistici; in particolare, le ridotte dimensioni e le peculiari caratteristiche dell&rsquo;area compresa in una qualsiasi zona qualificata edificabile dal PRG non escludono la natura edificatoria delle stesse e quindi l&rsquo;applicazione dell&rsquo;imposta, perch&eacute; tali evenienze producono effetti esclusivamente ai fini della determinazione del loro valore venale in comune commercio.</li>\n<li>Per le aree che saranno destinate come fabbricabili da varianti al Piano Regolatore Generale, l&rsquo;imposta si applica dal 1&deg; gennaio dell&rsquo;anno successivo all&rsquo;entrata in vigore delle nuove destinazioni urbanistiche.</li>\n<li>Per le aree che non saranno pi&ugrave; classificate come fabbricabili da varianti al Piano Regolatore Generale, l&rsquo;imposta &egrave; dovuta per tutto il periodo antecedente all&rsquo;entrata in vigore delle nuove disposizioni urbanistiche.</li>\n</ul>\n<li><strong> </strong><strong>per terreno agricolo </strong>si intende il terreno iscritto in catasto, a qualsiasi uso destinato, compreso quello non coltivato.</li>\n</ol>\n</ol>\n<br />', 1),
(14, 2, 6, 0, 0, 0, '', '<ol> <li><strong> </strong>Sono considerati <strong><u>non fabbricabili</u></strong>, i terreni <strong><u>posseduti e condotti</u></strong> dai coltivatori diretti e dagli imprenditori agricoli professionali di cui all\'articolo 1 del decreto legislativo 29 marzo 2004, n. 99, iscritti nella previdenza agricola, comprese le societ&agrave; agricole di cui all\'articolo 1, comma 3, del citato decreto legislativo n. 99 del 2004, sui quali persiste l\'utilizzazione agro-silvo-pastorale mediante l\'esercizio di attivit&agrave; dirette alla coltivazione del fondo, alla silvicoltura, alla funghicoltura e all\'allevamento di animali.</li> <li>Si considerano coltivatori diretti o imprenditori agricoli a titolo principale i soggetti richiamati dall\'articolo 2, comma 1, lettera <em>b)</em>, secondo periodo, del decreto legislativo n.504 del 1992 <strong>individuati nei coltivatori diretti e negli imprenditori agricoli professionali </strong>di cui all\'articolo 1 del decreto legislativo 29 marzo 2004, n. 99, e successive modificazioni, iscritti nella previdenza agricola&rdquo;;</li> <li>E&rsquo; imprenditore agricolo professionale (IAP) colui il quale, in possesso di conoscenze e competenze professionali ai sensi dell\'articolo 5 del regolamento (CE) n. 1257/1999 del Consiglio, del 17 maggio 1999, dedichi alle attivit&agrave; agricole di cui all\'articolo 2135 del codice civile, direttamente o in qualit&agrave; di socio di societ&agrave;, almeno il cinquanta per cento (50%) del proprio tempo di lavoro complessivo e che ricavi dalle attivit&agrave; medesime almeno il cinquanta per cento del proprio reddito globale da lavoro. Le pensioni di ogni genere, gli assegni ad esse equiparati, le indennit&agrave; e le somme percepite per l\'espletamento di cariche pubbliche, ovvero in societ&agrave;, associazioni ed altri enti operanti nel settore agricolo, sono escluse dal computo del reddito globale da lavoro. Per l\'imprenditore che operi nelle zone svantaggiate di cui all\'articolo 17 del citato regolamento (CE) n. 1257/1999, i requisiti di cui al presente comma sono ridotti al venticinque per cento (25%).</li> <li>Le societ&agrave; di persone, cooperative e di capitali, anche a scopo consortile, sono considerate imprenditori agricoli professionali qualora lo statuto preveda quale oggetto sociale l\'esercizio esclusivo delle attivit&agrave; agricole di cui all\'articolo 2135 del codice civile e siano in possesso dei seguenti requisiti:<br><em>a)</em> nel caso di societ&agrave; di persone qualora almeno un socio sia in possesso della qualifica di imprenditore agricolo professionale. Per le societ&agrave; in accomandita la qualifica si riferisce ai soci accomandatari;<br><em>b)</em> nel caso di societ&agrave; cooperative, ivi comprese quelle di conduzione di aziende agricole, qualora almeno un quinto dei soci sia in possesso della qualifica di imprenditore agricolo professionale;<br><em>c)</em> nel caso di societ&agrave; di capitali, quando almeno un amministratore sia in possesso della qualifica di imprenditore agricolo professionale.</li> <li>Qualunque riferimento della legislazione vigente all\'imprenditore agricolo a titolo principale si intende riferito alla definizione di cui al presente articolo</li> </ol>', 1),
(15, 2, 7, 0, 0, 0, '', '<ol>\n<li><strong> </strong><strong>Il soggetto attivo dell\'imposta &egrave; il comune</strong> con riferimento agli immobili la cui superficie insiste, interamente o prevalentemente, sul territorio del comune stesso. L\'imposta non si applica agli immobili di cui il comune &egrave; proprietario ovvero titolare di altro diritto reale di godimento quando la loro superficie insiste interamente o prevalentemente sul suo territorio. In caso di variazioni delle circoscrizioni territoriali dei comuni, si considera soggetto attivo il comune nell\'ambito del cui territorio risultano ubicati gli immobili al 1&deg; gennaio dell\'anno cui l\'imposta si riferisce.<br /></li>\n</ol>', 1),
(16, 2, 8, 0, 0, 0, '', '<ol> <li><strong> </strong><strong>I soggetti passivi dell\'imposta sono i possessori di immobili, </strong>intendendosi per tali il proprietario ovvero il titolare del diritto reale di usufrutto, uso, abitazione, enfiteusi, superficie sugli stessi. <u>&Egrave; soggetto passivo dell\'imposta il genitore assegnatario della casa familiare a seguito di provvedimento del giudice che costituisce altres&igrave; il diritto di abitazione in capo al genitore affidatario dei figli</u>. Nel caso di concessione di aree demaniali, il soggetto passivo &egrave; il concessionario. Per gli immobili, anche da costruire o in corso di costruzione, concessi in locazione finanziaria, il soggetto passivo &egrave; il locatario a decorrere dalla data della stipula e per tutta la durata del contratto. In presenza di pi&ugrave; soggetti passivi con riferimento ad un medesimo immobile ognuno &egrave; titolare di un\'autonoma obbligazione tributaria e nell\'applicazione dell\'imposta si tiene conto degli elementi soggettivi ed oggettivi riferiti ad ogni singola quota di possesso, anche nei casi di applicazione delle esenzioni o agevolazioni.</li> </ol>', 1),
(17, 2, 9, 0, 0, 0, '', '<ol> <li><strong> </strong><strong>&Egrave; riservato allo Stato il gettito dell\'IMU derivante dagli immobili ad uso produttivo classificati nel gruppo catastale D, calcolato ad aliquota dello 0,76 per cento</strong>; tale riserva non si applica agli immobili ad uso produttivo classificati nel gruppo catastale D posseduti dai comuni e che insistono sul rispettivo territorio<u>. Le attivit&agrave; di accertamento e riscossione relative agli immobili ad uso produttivo classificati nel gruppo catastale D sono svolte dai comuni ai quali spettano le maggiori somme derivanti dallo svolgimento delle suddette attivit&agrave; a titolo di imposta, interessi e sanzioni.</u></li> </ol>', 1),
(18, 2, 10, 0, 0, 0, '', '<ol> <li><strong> </strong><strong>La base imponibile dell\'imposta</strong> &egrave; costituita dal valore degli immobili. Per i fabbricati iscritti in catasto, il valore &egrave; costituito da quello ottenuto applicando all\'ammontare delle rendite risultanti in catasto, vigenti al 1&deg; gennaio dell\'anno di imposizione, rivalutate del 5 per cento ai sensi dell\'articolo 3, comma 48, della legge 23 dicembre 1996, n. 662, i seguenti moltiplicatori:<br>a) 160 per i fabbricati classificati nel gruppo catastale A e nelle categorie catastali C/2, C/6 e C/7, con esclusione della categoria catastale A/10;<br>b) 140 per i fabbricati classificati nel gruppo catastale B e nelle categorie catastali C/3, C/4 e C/5;<br>c) 80 per i fabbricati classificati nella categoria catastale D/5;<br>d) 80 per i fabbricati classificati nella categoria catastale A/10;<br>e) 65 per i fabbricati classificati nel gruppo catastale D, ad eccezione dei fabbricati classificati nella categoria catastale D/5;<br>f) 55 per i fabbricati classificati nella categoria catastale C/1.<br>Le variazioni di rendita catastale intervenute in corso d&rsquo;anno, a seguito di interventi edilizi sul fabbricato, producono effetti dalla data di ultimazione dei lavori, o, se antecedente, dalla data di effettivo utilizzo.</li> </ol> <ol start=\"2\"> <li><strong> </strong>Per i fabbricati classificabili nel gruppo catastale D, <strong>non iscritti in catasto</strong>, interamente posseduti da imprese e distintamente contabilizzati, fino al momento della richiesta dell\'attribuzione della rendita, il valore &egrave; determinato, alla data di inizio di ciascun anno solare ovvero, se successiva, alla data di acquisizione, secondo i criteri stabiliti nel penultimo periodo del comma 3 dell\'articolo 7 del decreto-legge 11 luglio 1992, n. 333, convertito, con modificazioni, dalla legge 8 agosto 1992, n. 359, applicando i coefficienti ivi previsti, da aggiornare con decreto del Ministero dell\'economia e delle finanze. In caso di locazione finanziaria, il valore &egrave; determinato sulla base delle scritture contabili del locatore, il quale &egrave; obbligato a fornire tempestivamente al locatario tutti i dati necessari per il calcolo.</li> <li><strong> </strong><strong>Per le aree fabbricabili</strong> il valore &egrave; costituito da quello venale in comune commercio al 1&deg; gennaio dell\'anno di imposizione, o a far data dall\'adozione degli strumenti urbanistici, avendo riguardo alla zona territoriale di ubicazione, all\'indice di edificabilit&agrave;, alla destinazione d\'uso consentita, agli oneri per eventuali lavori di adattamento del terreno necessari per la costruzione, ai prezzi medi rilevati sul mercato dalla vendita di aree aventi analoghe caratteristiche. <u>In caso di utilizzazione edificatoria dell\'area, di demolizione di fabbricato, di interventi di recupero a norma dell\'articolo 3, comma 1, lettere c), d) e f),</u> del testo unico delle disposizioni legislative e regolamentari in materia edilizia, di cui al decreto del Presidente della Repubblica 6 giugno 2001, n. 380, <u>la base imponibile &egrave; costituita dal valore dell\'area, la quale &egrave; considerata fabbricabile, senza computare il valore del fabbricato in corso d\'opera, fino alla data di ultimazione dei lavori di costruzione, ricostruzione o ristrutturazione ovvero, se antecedente, fino alla data in cui il fabbricato costruito, ricostruito o ristrutturato &egrave; comunque utilizzato. </u></li> <li><strong> </strong><strong>Per i terreni agricoli</strong>, nonch&eacute; per quelli non coltivati, il valore &egrave; costituito da quello ottenuto applicando all\'ammontare del reddito dominicale risultante in catasto, vigente al 1&deg; gennaio dell\'anno di imposizione, rivalutato del 25 per cento ai sensi dell\'articolo 3, comma 51, della legge 23 dicembre 1996, n. 662, un moltiplicatore pari a 135.</li> <li><strong> </strong><strong>La base imponibile &egrave; ridotta del 50 per cento nei seguenti casi:<br></strong><strong>a)</strong><strong> per i FABBRICATI DI INTERESSE STORICO O ARTISTICO </strong>di cui all\'articolo 10 del codice di cui al decreto legislativo 22 gennaio 2004, n. 42;<br><strong>b)</strong><strong> per i FABBRICATI DICHIARATI INAGIBILI O INABITABILI e di fatto non utilizzati, </strong>limitatamente al periodo dell\'anno durante il quale sussistono dette condizioni. L\'inagibilit&agrave; o inabitabilit&agrave; &egrave; accertata dall\'ufficio tecnico comunale con perizia a carico del proprietario, che allega idonea documentazione alla dichiarazione. In alternativa, il contribuente ha facolt&agrave; di presentare una dichiarazione sostitutiva ai sensi del testo unico di cui al decreto del Presidente della Repubblica 28 dicembre 2000, n. 445, che attesti la dichiarazione di inagibilit&agrave; o inabitabilit&agrave; del fabbricato da parte di un tecnico abilitato, rispetto a quanto previsto dal periodo precedente. Ai fini dell\'applicazione della riduzione di cui al presente comma, i comuni possono disciplinare le caratteristiche di fatiscenza sopravvenuta del fabbricato, non superabile con interventi di manutenzione;<br><strong><u>L&rsquo;inagibilit&agrave; o inabitabilit&agrave; di un immobile consiste in un degrado strutturale</u></strong> non superabile con interventi di manutenzione ordinaria e straordinaria, <u>ma con necessit&agrave; di interventi di ristrutturazione edilizia, restauro e risanamento conservativo</u>, ai sensi dell\'articolo 31, comma 1, lettere c) e d), della Legge 5 agosto 1978, n. 457 ; <u>Si ritengono inabitabili o inagibili i fabbricati che si trovano nelle seguenti condizioni :<br></u>b.1) strutture orizzontali, solai e tetto compresi, lesionati in modo tale da costituire pericolo a cose o persone, con potenziale rischio di crollo;<br>b.2) strutture verticali quali muri perimetrali o di confine, lesionati in modo tale da costituire pericolo a cose o persone con potenziale rischio di crollo totale o parziale;<br>b.3) edifici per i quali &egrave; stata emessa ordinanza di demolizione o ripristino;<br>La riduzione d&rsquo;imposta decorre dalla data di sopravvenuta inagibilit&agrave; o inabitabilit&agrave;, che deve essere dichiarata dal proprietario entro 60 giorni. L&rsquo;ufficio tecnico comunale accerter&agrave; e verificher&agrave; quanto dichiarato entro i 60 giorni successivi al deposito della dichiarazione al protocollo comunale, confermando le condizioni di fatiscenza dichiarate sulla base delle condizioni di cui alle precedenti lettere b.1), b.2), b.3), o rigettando motivatamente la richiesta.<br><strong>c)</strong><strong> PER LE UNIT&Agrave; IMMOBILIARI, </strong>fatta eccezione per quelle classificate nelle categorie catastali A/1, A/8 e A/9, <strong>CONCESSE IN COMODATO </strong>dal soggetto passivo ai parenti in linea retta entro il primo grado che le utilizzano come abitazione principale, a condizione che il contratto sia registrato e che il comodante possieda una sola abitazione in Italia e risieda anagraficamente nonch&eacute; dimori abitualmente nello stesso comune in cui &egrave; situato l\'immobile concesso in comodato; il beneficio si applica anche nel caso in cui il comodante oltre all\'immobile concesso in comodato possieda nello stesso comune un altro immobile adibito a propria abitazione principale, ad eccezione delle unit&agrave; abitative classificate nelle categorie catastali A/1, A/8 e A/9. Il beneficio di cui alla presente lettera si estende, in caso di morte del comodatario, al coniuge di quest\'ultimo in presenza di figli minori.</li> </ol>', 1),
(19, 2, 11, 0, 0, 0, '', '<ol>\r\n<li><strong> </strong><strong>L\'ALIQUOTA DI BASE PER L\'ABITAZIONE PRINCIPALE CLASSIFICATA NELLE CATEGORIE CATASTALI A/1, A/8 E A/9 </strong>e per le relative pertinenze, <strong><u>&egrave; pari allo 0,50 per cento</u></strong> e il comune, <u>con deliberazione del consiglio comunale, pu&ograve; aumentarla di 0,10 punti percentuali o diminuirla fino all\'azzeramento</u>.<br />Dall\'imposta dovuta per l\'unit&agrave; immobiliare adibita ad abitazione principale del soggetto passivo e classificata nelle categorie catastali A/1, A/8 e A/9 nonch&eacute; per le relative pertinenze, <strong>si detraggono, fino a concorrenza del suo ammontare, euro 200 rapportati al periodo dell\'anno durante il quale si protrae tale destinazione</strong>; se l\'unit&agrave; immobiliare &egrave; adibita ad abitazione principale da pi&ugrave; soggetti passivi, la detrazione spetta a ciascuno di essi proporzionalmente alla quota per la quale la destinazione medesima si verifica. La suddetta detrazione si applica agli alloggi regolarmente assegnati dagli Istituti autonomi per le case popolari (IACP) o dagli enti di edilizia residenziale pubblica, comunque denominati, aventi le stesse finalit&agrave; degli IACP, istituiti in attuazione dell\'articolo 93 del decreto del Presidente della Repubblica 24 luglio 1977, n. 616.</li>\r\n</ol>\r\n<ol start=\"2\">\r\n<li><strong> </strong><strong>L\'ALIQUOTA DI BASE PER I FABBRICATI RURALI AD USO STRUMENTALE</strong> di cui all\'articolo 9, comma 3-bis, del decreto-legge 30 dicembre 1993, n. 557, convertito, con modificazioni, dalla legge 26 febbraio 1994, n. 133, <strong><u>&egrave; pari allo 0,10 per cento</u></strong> <u>e i comuni possono solo ridurla fino all\'azzeramento.</u></li>\r\n<li><strong> </strong><strong>Dal 1&deg; gennaio 2022 decorre l&rsquo;esenzione IMU per i fabbricati costruiti e destinati dall&rsquo;impresa costruttrice alla vendita, </strong>come previsto dalla legge n.160/2019 (art.1 comma 751);</li>\r\n<li><strong> </strong>L\'aliquota di base per i <strong>TERRENI AGRICOLI</strong> <strong><u>&egrave; pari allo 0,76 per cento</u></strong> e i comuni, con deliberazione del consiglio comunale, <u>possono aumentarla sino all\'1,06 per cento o diminuirla fino all\'azzeramento.</u></li>\r\n<li><strong> </strong>Per gli <strong>IMMOBILI AD USO PRODUTTIVO CLASSIFICATI NEL GRUPPO CATASTALE D</strong> l\'aliquota di base <strong><u>&egrave; pari allo 0,86 per cento</u></strong>, di cui la quota pari allo 0,76 per cento &egrave; riservata allo Stato, e i comuni, con deliberazione del consiglio comunale, <u>possono aumentarla sino all\'1,06 per cento o diminuirla fino al limite dello 0,76 per cento.</u></li>\r\n<li><strong> </strong><strong>PER GLI IMMOBILI DIVERSI </strong>dall\'abitazione principale e diversi da quelli di cui ai precedenti commi, l\'aliquota di base <strong>&egrave; pari allo 0,86 per cento</strong> e i comuni, con deliberazione del consiglio comunale, <u>possono aumentarla sino all\'1,06 per cento o diminuirla fino all\'azzeramento.</u></li>\r\n<li><strong> </strong><strong>A decorrere dall\'anno 2020</strong>, limitatamente agli immobili non esentati ai sensi dei commi da 10 a 26 dell\'articolo 1 della legge 28 dicembre 2015, n. 208, i comuni, con espressa deliberazione del consiglio comunale, da adottare ai sensi del comma 10 del presente articolo, pubblicata sul sito internet del Dipartimento delle finanze del Ministero dell\'economia e delle finanze ai sensi del comma 767 art.1 Legge 27-12-2019 n.160, possono aumentare ulteriormente l\'aliquota massima dell\'1,06 per cento di cui al comma 754 art.1 Legge 27-12-2019 n.160, sino all\'1,14 per cento, in sostituzione della maggiorazione del tributo per i servizi indivisibili (TASI) di cui al comma 677 dell\'articolo 1 della legge 27 dicembre 2013, n. 147, nella stessa misura applicata per l\'anno 2015 e confermata fino all\'anno 2019 alle condizioni di cui al comma 28 dell\'articolo 1 della legge n. 208 del 2015. I comuni negli anni successivi possono solo ridurre la maggiorazione di cui al presente comma, restando esclusa ogni possibilit&agrave; di variazione in aumento.</li>\r\n<li><strong> </strong><strong>Con Decreto 7 luglio 2023 pubblicato in G. U. n. 172 del 25 luglio 2023,</strong> sono individuate le fattispecie sulla base delle quali i comuni possono diversificare le aliquote dell&rsquo;imposta municipale propria (IMU) e sono stabilite le modalit&agrave; di elaborazione e di successiva trasmissione, attraverso l&rsquo;apposita applicazione informatica, al Dipartimento delle finanze del Ministero dell\'economia e delle finanze, del relativo Prospetto di cui all&rsquo;art. 1, comma 757, della legge n. 160 del 2019;</li>\r\n<li><strong> </strong>Vista la LEGGE 27 novembre 2023, n. 170, conversione in legge, con modificazioni, del decreto-legge 29 settembre 2023, n. 132, recante disposizioni urgenti in materia di proroga di termini normativi e versamenti fiscali, Art. 6 &ndash; ter (Proroga del termine di decorrenza dell&rsquo;obbligo di utilizzare il prospetto delle aliquote dell&rsquo;IMU e proroga in materia di spending review degli enti locali), con la quale viene stabilito che:<br />- In considerazione delle criticit&agrave; riscontrate dai comuni, a seguito della fase di sperimentazione, nell&rsquo;elaborazione del prospetto di cui all&rsquo;articolo 1, commi 756 e 757, della legge 27 dicembre 2019, n. 160, e dell&rsquo;esigenza di tener conto di alcune rilevanti fattispecie attualmente non considerate dal predetto prospetto, <strong>l&rsquo;obbligo di redigere la delibera di approvazione delle aliquote dell&rsquo;IMU tramite l&rsquo;elaborazione del prospetto, utilizzando l&rsquo;applicazione informatica messa a disposizione sul portale del Ministero dell&rsquo;economia e delle finanze, decorre dall&rsquo;anno d&rsquo;imposta 2025.</strong></li>\r\n</ol>\r\n<ol start=\"10\">\r\n<li><strong> </strong><strong>Per le abitazioni locate a canone concordato</strong> di cui alla legge 9 dicembre 1998, n. 431, <u>l\'imposta</u>, determinata applicando l\'aliquota stabilita dal comune ai sensi del <u>comma 6 del presente articolo</u>, <u>&egrave; ridotta al 75 per cento</u>.</li>\r\n</ol>', 1),
(20, 2, 12, 0, 0, 0, '', '<ol> <li><strong> </strong><strong>Sono esenti dall\'imposta i terreni agricoli</strong> come di seguito qualificati:<br><strong>a) posseduti e condotti dai coltivatori diretti e dagli imprenditori agricoli professionali</strong> di cui all\'articolo 1 del decreto legislativo 29 marzo 2004, n. 99, iscritti alla previdenza agricola, comprese le societ&agrave; agricole di cui all\'articolo 1, comma 3, del citato decreto legislativo n. 99 del 2004, indipendentemente dalla loro ubicazione;<br><strong>b) ubicati nei comuni delle isole minori</strong> di cui all\'allegato A annesso alla legge 28 dicembre 2001, n. 448;<br><strong>c) a immutabile destinazione agro-silvo-pastorale a propriet&agrave; collettiva indivisibile e inusucapibile;<br></strong><strong><u>d) ricadenti in aree montane o di collina delimitate ai sensi dell\'articolo 15 della legge 27 dicembre 1977, n. 984, sulla base dei criteri individuati dalla circolare n. 9 del 14 giugno 1993</u></strong><u>, pubblicata nel supplemento ordinario n. 53 alla Gazzetta Ufficiale n. 141 del 18 giugno 1993.</u></li> <li><strong> </strong><strong>Sono altres&igrave; esenti dall\'imposta</strong>, per il periodo dell\'anno durante il quale sussistono le condizioni prescritte:<br>a) gli immobili posseduti dallo Stato, dai comuni, nonch&eacute; gli immobili posseduti, nel proprio territorio, dalle regioni, dalle province, dalle comunit&agrave; montane, dai consorzi fra detti enti, dagli enti del Servizio sanitario nazionale, destinati esclusivamente ai compiti istituzionali;<br>b) i fabbricati classificati o classificabili nelle categorie catastali da E/1 a E/9;<br>c) i fabbricati con destinazione ad usi culturali di cui all\'articolo 5-bis del decreto del Presidente della Repubblica 29 settembre 1973, n. 601;<br>d) i fabbricati destinati esclusivamente all\'esercizio del culto, purch&eacute; compatibile con le disposizioni degli articoli 8 e 19 della Costituzione, e le loro pertinenze;<br>e) i fabbricati di propriet&agrave; della Santa Sede indicati negli articoli 13, 14, 15 e 16 del Trattato lateranense, sottoscritto l\'11 febbraio 1929 e reso esecutivo con la legge 27 maggio 1929, n. 810;<br>f) i fabbricati appartenenti agli Stati esteri e alle organizzazioni internazionali per i quali &egrave; prevista l\'esenzione dall\'imposta locale sul reddito dei fabbricati in base ad accordi internazionali resi esecutivi in Italia;<br>g) gli immobili posseduti e utilizzati dai soggetti di cui alla lettera i) del comma 1 dell\'articolo 7 del decreto legislativo 30 dicembre 1992, n. 504, e destinati esclusivamente allo svolgimento con modalit&agrave; non commerciali delle attivit&agrave; previste nella medesima lettera i); si applicano, altres&igrave;, le disposizioni di cui all\'articolo 91-bis del decreto-legge 24 gennaio 2012, n. 1, convertito, con modificazioni, dalla legge 24 marzo 2012, n. 27, nonch&eacute; il regolamento di cui al decreto del Ministro dell\'economia e delle finanze 19 novembre 2012, n. 200.</li> <li><strong> </strong><strong>Sono esenti dall\'imposta </strong>gli immobili dati in <strong><u>comodato gratuito al Comune o all&rsquo;Unione dei Comuni territorialmente competente</u>, esclusivamente per l\'esercizio dei rispettivi scopi istituzionali o statutari.</strong></li> </ol>', 1),
(21, 2, 13, 0, 0, 0, '', '<ol> <li><strong> </strong>L\'imposta &egrave; dovuta per anni solari proporzionalmente alla quota e ai mesi dell\'anno nei quali si &egrave; protratto il possesso.<u> A tal fine il mese durante il quale il possesso si &egrave; protratto per pi&ugrave; della met&agrave; dei giorni di cui il mese stesso &egrave; composto &egrave; computato per intero. Il giorno di trasferimento del possesso si computa in capo all\'acquirente e l\'imposta del mese del trasferimento resta interamente a suo carico nel caso in cui i giorni di possesso risultino uguali a quelli del cedente.</u> A ciascuno degli anni solari corrisponde un\'autonoma obbligazione tributaria.</li> <li><strong> </strong>In deroga all\'articolo 52 del decreto legislativo n. 446 del 1997, <strong>i soggetti passivi effettuano il versamento dell\'imposta </strong>dovuta al comune per l\'anno in corso <strong>in due rate</strong>, scadenti la <strong>prima il 16 giugno</strong> e la <strong>seconda il 16 dicembre</strong>. Resta in ogni caso nella facolt&agrave; del contribuente provvedere al versamento della imposta complessivamente dovuta in <strong>un\'unica soluzione annuale, da corrispondere entro il 16 giugno</strong>. Il versamento della prima rata &egrave; pari all\'imposta dovuta per il primo semestre applicando l\'aliquota e la detrazione dei dodici mesi dell\'anno precedente. Il versamento della rata a saldo dell\'imposta dovuta per l\'intero anno &egrave; eseguito, a conguaglio, sulla base delle aliquote risultanti dagli atti pubblicati nel sito internet del Dipartimento delle finanze del Ministero dell\'economia e delle finanze, <strong><u>alla data del 28 ottobre di ciascun anno</u></strong>.</li> <li><strong> </strong><strong>Il versamento del tributo &egrave; effettuato esclusivamente secondo le disposizioni di cui all\'articolo 17 del decreto legislativo 9 luglio 1997, n. 241, con le modalit&agrave; stabilite con provvedimento del direttore dell\'Agenzia delle entrate, ovvero tramite apposito bollettino postale al quale si applicano le disposizioni di cui all\'articolo 17 del citato decreto legislativo n. 241 del 1997, in quanto compatibili</strong>, <u>nonch&eacute; attraverso la piattaforma di cui all\'articolo 5 del codice dell\'amministrazione digitale, di cui al decreto legislativo 7 marzo 2005, n. 82, e le altre modalit&agrave; previste dallo stesso codice</u>.</li> <li><strong> </strong><strong>Le aliquote e i regolamenti hanno effetto per l\'anno di riferimento</strong> <strong>alle seguenti condizioni</strong>: <ol style=\"list-style-type: lower-alpha;\"> <li><strong> </strong><strong>CHE SIANO PUBBLICATI SUL SITO INTERNET DEL DIPARTIMENTO DELLE FINANZE DEL MINISTERO DELL\'ECONOMIA E DELLE FINANZE</strong>, <strong>entro il 28 ottobre dello stesso anno. </strong>Ai fini della pubblicazione il comune &egrave; tenuto a inserire il prospetto delle aliquote e il testo del regolamento, entro il termine perentorio del <strong>14 ottobre dello stesso anno, </strong>nell\'apposita sezione del Portale del federalismo fiscale;</li> <li><strong> </strong><strong>IN CASO DI MANCATA PUBBLICAZIONE ENTRO IL 28 OTTOBRE</strong>, si applicano le aliquote e i regolamenti vigenti nell\'anno precedente<u>;<br></u><em>(per il primo anno di applicazione obbligatoria del Prospetto Aliquote, in deroga all\'articolo 1, comma 169, della legge 27 dicembre 2006, n. 296 e all&rsquo;articolo 1, comma 767, terzo periodo, della legge n. 160 del 2019, in mancanza di una delibera approvata secondo le modalit&agrave; previste dal comma 757 del medesimo articolo 1 della legge n. 160 del 2019 e pubblicata nel termine di cui al successivo comma 767, si applicano le aliquote di base previste dai commi da 748 a 755 del citato articolo 1 della legge n. 160 del 2019. Le aliquote di base continuano ad applicarsi sino a quando il comune non approvi una delibera secondo le modalit&agrave; di cui al periodo precedente)&nbsp; </em></li> </ol> </li> </ol> <ol start=\"5\"> <li><strong> </strong><strong>Per i beni immobili sui quali sono costituiti diritti di godimento a tempo parziale</strong>, di cui all\'articolo 69, comma 1, lettera a), del codice del consumo, di cui al decreto legislativo 6 settembre 2005, n. 206, <strong>il versamento dell\'imposta &egrave; effettuato da chi amministra il bene</strong>. Per le parti comuni dell\'edificio indicate nell\'articolo 1117, numero 2), del codice civile, che sono accatastate in via autonoma, come bene comune censibile, nel caso in cui venga costituito il condominio, il versamento dell\'imposta deve essere effettuato dall\'amministratore del condominio per conto di tutti i condomini. Per gli immobili compresi nel fallimento o nella liquidazione coatta amministrativa, il curatore o il commissario liquidatore sono tenuti al versamento della tassa dovuta per il periodo di durata dell\'intera procedura concorsuale entro il termine di tre mesi dalla data del decreto di trasferimento degli immobili.</li> </ol> <ol start=\"6\"> <li><strong> </strong><strong>I soggetti passivi devono presentare la dichiarazione IMU <u>entro il 30 giugno dell\'anno successivo </u></strong><u>a quello in cui il possesso degli immobili ha avuto inizio o sono intervenute variazioni rilevanti ai fini della determinazione dell\'imposta.</u> La dichiarazione ha effetto anche per gli anni successivi, sempre che non si verifichino modificazioni dei dati ed elementi dichiarati cui consegua un diverso ammontare dell\'imposta dovuta. Restano ferme le dichiarazioni presentate in quanto compatibili.</li> <li><strong> </strong>L&rsquo;imposta non &egrave; versata qualora essa <strong>sia inferiore a 12,00 euro</strong>. Tale importo si intende riferito all&rsquo;imposta complessivamente dovuta per l&rsquo;anno e non alle singole rate di acconto e di saldo.</li> </ol>', 1),
(22, 2, 14, 0, 0, 0, '', '<ol> <li><strong> </strong>Il contribuente pu&ograve; richiedere al Comune il rimborso delle somme versate e non dovute entro il termine di cinque anni dal giorno del pagamento ovvero da quello in cui &egrave; stato definitivamente accertato il diritto alla restituzione.</li> <li><strong> </strong>Il Comune provveder&agrave; di conseguenza alla istruzione della pratica di rimborso ed alle conseguenti regolazioni contabili; in riferimento alla quota di competenza statale il Comune provveder&agrave; all&rsquo;inserimento dei dati nell&rsquo;apposita sezione del portale del federalismo fiscale.</li> <li><strong> </strong>Le somme liquidate dal Comune ai sensi del comma 1, possono, su richiesta del contribuente da comunicare al Comune medesimo entro 60 giorni dalla notificazione del provvedimento di rimborso, essere compensate con gli importi dovuti a titolo di Imposta Municipale Propria.</li> <li><strong> </strong><strong>Non si da luogo al rimborso di importi inferiori al versamento minimo di &euro; 12,00</strong></li> </ol>', 1);
INSERT INTO `pdf_section_text` (`id_text`, `id_document`, `id_section`, `id_subsection`, `num_cols`, `image`, `image_path`, `content`, `order_num`) VALUES
(23, 2, 15, 0, 0, 0, '', '<ol> <li><strong> </strong>Le attivit&agrave; di accertamento e riscossione dell&rsquo;imposta erariale, effettuate nei termini previsti dalla normativa vigente, sono svolte dal comune, al quale spettano le maggiori somme derivanti dallo svolgimento delle suddette attivit&agrave; a titolo di imposta, interessi e sanzioni.</li> <li><strong> </strong>Il Comune, con apposito atto deliberativo e relativo regolamento, pu&ograve; stabilire che una quota delle somme effettivamente <em><u>riscosse</u></em> a titolo definitivo a seguito delle attivit&agrave; di&nbsp; accertamento dell&rsquo;imposta municipale propria, non superiore al 5%, e comunque entro i limiti imposti dalla normativa vigente, sia destinato ad apposito fondo incentivante.</li> </ol> <p>Tale fondo &egrave; previsto e disciplinato dall&rsquo;articolo 1, comma 1091, della legge 30 dicembre 2018, n. 145, al fine di potenziare le risorse strumentali degli uffici comunali preposti alla gestione delle entrate ed al fine di disciplinare le modalit&agrave; di riconoscimento del trattamento accessorio del personale dipendente, anche di qualifica dirigenziale e/o titolare di posizione organizzativa, impiegato nel raggiungimento degli obiettivi assegnati al Settore Entrate.</p> <ol start=\"3\"> <li><strong> </strong><strong>Le attivit&agrave; di accertamento e liquidazione</strong> dell&rsquo;imposta svolte dal Comune <strong>saranno effettuate qualora l&rsquo;importo dell&rsquo;imposta non versata sia uguale o superiore ad &euro; 12,00, considerata sia la quota comunale che la quota statale qualora prevista.</strong></li> <li><strong> </strong><u>In caso di omesso o insufficiente versamento dell\'imposta risultante dalla dichiarazione, si applica l\'articolo 13 del decreto legislativo 18 dicembre 1997, n. 471.</u></li> <li><strong> </strong>In caso di omessa presentazione della dichiarazione, si applica la sanzione del 100 per cento del tributo non versato, con un minimo di 50 euro. In caso di infedele dichiarazione, si applica la sanzione del 50 per cento del tributo non versato, con un minimo di 50 euro. In caso di mancata, incompleta o infedele risposta al questionario, si applica la sanzione di euro 100; <u>Le sanzioni di cui ai periodi precedenti sono ridotte ad un terzo</u> se, entro il termine per la proposizione del ricorso, interviene acquiescenza del contribuente, con pagamento del tributo, se dovuto, della sanzione e degli interessi. Resta salva la facolt&agrave; del comune di deliberare con il regolamento circostanze attenuanti o esimenti nel rispetto dei princ&igrave;pi stabiliti dalla normativa statale.</li> <li><strong> </strong>In caso di acquiescenza all\'accertamento, prevista dall\'art. 15 del Decreto Legislativo n.218/1997, rubricato &ldquo;Sanzioni applicabili nel caso di omessa impugnazione&rdquo; e pertanto con la manifestazione di una totale adesione del contribuente ai contenuti dell\'atto di accertamento, le sanzioni sono ridotte ad un terzo se il contribuente rinuncia ad impugnare l\'avviso di accertamento o di liquidazione e a formulare istanza di accertamento con adesione, provvedendo a pagare, entro il termine per la proposizione del ricorso, le somme complessivamente dovute, tenuto conto della predetta riduzione.</li> <li><strong> </strong><u>Per tutto quanto non previsto dalle precedenti disposizioni, si applicano i commi da 161 a 169 dell\'articolo 1 della legge 27 dicembre 2006, n. 296</u>.</li> <li><strong> </strong><u>Le attivit&agrave; di riscossione relative agli atti emessi a partire dal 1&deg; gennaio 2020, anche con riferimento ai rapporti pendenti alla stessa data in base alle norme che regolano ciascuna entrata, <strong>sono potenziate</strong> mediante l&rsquo;applicazione delle disposizioni di cui alla <strong>Legge n.160 del 27-12-2019 art.1 commi da 784 a 815, riferite alla introduzione dell&rsquo;&rdquo;Accertamento esecutivo&rdquo; anche in materia di tributi locali.</strong></u></li> </ol>', 1),
(24, 2, 16, 0, 0, 0, '', '<ol> <li><strong> </strong><strong>La riscossione spontanea</strong> dell&rsquo;Imposta Municipale Propria (IMU) viene gestita direttamente dal Comune.</li> <li><strong> </strong><strong>L&rsquo;Imposta Municipale Propria (IMU) </strong>&egrave; versata direttamente al Comune ed allo Stato per le quote di rispettiva competenza, mediante modello di pagamento unificato di cui all&rsquo;art. 17 del Decreto Legislativo 09/07/1997, n. 241, ovvero attraverso tutti i canali e sistemi di pagamento previsti per Legge.</li> <li><strong> </strong>Si considerano regolarmente eseguiti i versamenti effettuati da un contitolare anche per conto degli altri;</li> </ol>', 1),
(25, 2, 17, 0, 0, 0, '', '<ol> <li><strong> </strong>Ai sensi del comma 163, art.1, L. 296/2006, il diritto dell&rsquo;ente locale a riscuotere il tributo si forma nel momento in qui &egrave; divenuto definitivo l&rsquo;accertamento.</li> </ol> <p>Pertanto le somme accertate dal comune per imposta, sanzioni ed interessi, se non versate entro i termini, salvo che sia emesso provvedimento di sospensione, sono riscosse coattivamente mediante:</p> <ol> <li><strong>a)</strong> il combinato disposto dei Decreti del Presidente della Repubblica del 29 settembre 1973 n. 602 e del 28 gennaio 1988 n. 43 <strong>(ruolo) </strong>;</li> <li><strong>b)</strong> sulla base dell&rsquo;<strong>ingiunzione</strong> prevista dal testo unico di cui al regio decreto 14 aprile 1910, n. 639, che costituisce titolo esecutivo, nonch&eacute; secondo le disposizioni del titolo II del d.P.R. 29 settembre 1973, n. 602, in quanto compatibili, comunque nel rispetto dei limiti di importo e delle condizioni;</li> <li><strong> </strong><strong><u>Le attivit&agrave; di riscossione</u></strong> relative agli atti emessi <strong>a partire dal 1&deg; gennaio 2020</strong>, anche con riferimento ai rapporti pendenti alla stessa data in base alle norme che regolano ciascuna entrata, <strong><u>sono potenziate</u></strong> mediante l&rsquo;applicazione delle disposizioni di cui alla <u>Legge n.160 del 27-12-2019 art.1 commi da 784 a 815, riferite alla introduzione <strong>dell&rsquo;&rdquo;Accertamento esecutivo&rdquo; </strong>anche in materia di tributi locali.</u></li> </ol>', 1),
(26, 2, 18, 0, 0, 0, '', '<ol> <li><strong> </strong>Il comune designa il funzionario responsabile dell\'imposta a cui sono attribuiti i poteri per l\'esercizio di ogni attivit&agrave; organizzativa e gestionale, compreso quello di sottoscrivere i provvedimenti afferenti a tali attivit&agrave;, nonch&eacute; la rappresentanza in giudizio per le controversie relative all\'imposta stessa.</li> <li><strong> </strong>Ai fini della verifica del corretto assolvimento degli obblighi tributari, il funzionario responsabile pu&ograve; inviare questionari al contribuente, richiedere dati e notizie a uffici pubblici ovvero a enti di gestione di servizi pubblici, in esenzione da spese e diritti, e disporre l\'accesso ai locali ed aree assoggettabili a tributo, mediante personale debitamente autorizzato e con preavviso di almeno sette giorni.</li> </ol>', 1),
(27, 2, 19, 0, 0, 0, '', '<ol> <li><strong> </strong>Contro l&rsquo;avviso di accertamento, il provvedimento che irroga le sanzioni, il provvedimento che respinge l&rsquo;istanza di rimborso, pu&ograve; essere proposto ricorso secondo le disposizioni di cui al D.Lgs. n.546/92 e successive modificazioni ed integrazioni.</li> <li><strong> </strong>Per tutte le fasi della controversia, a partire dal 1 luglio 2019, &egrave; obbligatorio il rispetto della modalit&agrave; telematica &ldquo;Processo Tributario Telematico (PTT)\" di cui all&rsquo;art.16 del D.L. n.119/2018 e smi.</li> <li><strong> </strong>Il ricorso proposto deve essere notificato esclusivamente:</li> </ol> <ul> <li>mediante invio telematico all&rsquo;indirizzo di posta elettronica certificata (PEC) Comunale, nel rispetto degli standard degli atti processuali e dei documenti informatici allegati di cui all&rsquo;art. 10 dal D.M. del 04/08/2015, adottato in attuazione Decreto 23 dicembre 2013, n.163.</li> </ul> <ol start=\"4\"> <li><strong> </strong>Per le sole controversie di valore fino a Euro 3.000, in cui &egrave; ammessa la difesa in proprio, se il contribuente sta in giudizio senza assistenza tecnica di professionisti, &egrave; possibile notificare il ricorso secondo una delle seguenti modalit&agrave;:</li> </ol> <ul> <li>a mezzo di ufficiale giudiziario, con le modalit&agrave; previste dall&rsquo;articolo 137 e seguenti del codice di procedura civile;</li> <li>mediante consegna diretta al Comune che ne rilascia ricevuta;</li> <li>direttamente a mezzo del servizio postale, mediante spedizione dell&rsquo;istanza in plico senza busta raccomandata con avviso di ricevimento (piegare il ricorso e spillarlo e sulla facciata esterna scrivere l&rsquo;indirizzo del Comune);</li> </ul> <ol start=\"5\"> <li><strong> </strong>La Costituzione in Giudizio del ricorrente, a pena di inammissibilit&agrave;, si effettua esclusivamente mediante deposito del ricorso alla Corte di giustizia tributaria territorialmente competente, entro 30 giorni dalla data di notifica del ricorso al Comune, attraverso il Sistema informativo della Giustizia Tributaria &ndash; SIGIT.</li> <li><strong> </strong>L&rsquo;obbligo del deposito con modalit&agrave; telematiche non vale per i soggetti che decidono di non avvalersi dell&rsquo;assistenza tecnica nelle cause di valore inferiore ai 3.000 tremila euro (articolo 16-bis, comma 3-bis del D. Lgs. n&deg; 546/92).</li> <li><strong> </strong>Nel rispetto della legge 27 luglio 2000 n. 212 (Statuto del contribuente) come modificato dal Decreto legislativo del 30/12/2023 n. 219, &egrave; applicabile alle controversie il &ldquo;Principio del Contraddittorio&rdquo;.</li> <li><strong> </strong>Non sussiste tuttavia il diritto al contraddittorio, come stabilito da Decreto Legislativo sopra richiamato, per gli atti automatizzati, sostanzialmente automatizzati, di pronta liquidazione e di controllo formale delle dichiarazioni, nonch&eacute; per i casi motivati di fondato pericolo per la riscossione.</li> <li><strong> </strong>Pertanto il principio del contraddittorio informato non risulta applicabile nei casi in cui l&rsquo;avviso di accertamento sia riferito ad una contestazione di omesso, insufficiente o tardivo versamento, e di omessa dichiarazione nei casi in cui i dati siano acquisibili d&rsquo;ufficio (atti notarili, atti catastali, successioni ecc.).</li> <li><strong> </strong>Salvo quanto indicato ai precedenti commi 8 e 9, tutti gli atti autonomamente impugnabili dinanzi agli organi della giurisdizione tributaria sono preceduti, a pena di annullabilit&agrave;, da un contraddittorio informato ed effettivo.</li> <li><strong> </strong>In applicazione al principio del contraddittorio informato ed effettivo, l\'amministrazione comunica in maniera preventiva al contribuente, con modalit&agrave; idonee a garantirne la conoscibilit&agrave;, che risultano necessari ed opportuni degli approfondimenti in merito al tributo da versare; tale comunicazione preventiva dovr&agrave; essere redatta in modo da rendere pi&ugrave; semplice e chiaro al contribuente il tema da approfondire, allegando eventualmente anche lo schema di atto predisposto per la notifica, assegnando un termine non inferiore a 60 GG (sessanta giorni) per consentirgli eventuali controdeduzioni ovvero, su richiesta, per accedere ed estrarre copia degli atti del fascicolo.</li> <li><strong> </strong>L\'atto adottato all\'esito del contraddittorio, compiutamente redatto e contenente una chiara ricostruzione, potr&agrave; essere citato e/o allegato all&rsquo;eventuale successivo avviso di accertamento qualora il contraddittorio non abbia portato ad una risoluzione preventiva della controversia.</li> <li><strong> </strong>In applicazione all\'articolo 1, n. 4, del dlgs 220/2023 sono aggiunti, agli atti impugnabili contemplati dall\'articolo 19 del dlgs 546/1992, la lettera g-bis che introduce la possibilit&agrave; di impugnare il rifiuto espresso o tacito sull\'istanza di autotutela nei casi previsti dall\'articolo 10-quater della legge 27 luglio 2000, n.212, e la lettera g-ter che consente di impugnare il rifiuto espresso sull\'istanza di autotutela nei casi previsti dall\'articolo 10-quinquies della legge 27 luglio 2000, n.212.</li> <li><strong> </strong>Pertanto ai sensi del novellato articolo 19 del dlgs 546/1992, sono ammessi i ricorsi contro i dinieghi alle istanze di autotutela.</li> <li><strong> </strong>Si tratta di autotutela &ldquo;obbligatoria&rdquo;, contemplata dall\'articolo 10-quater della legge n. 212/2000, ed autotutela &ldquo;facoltativa&rdquo;, prevista dal successivo articolo 10-quinquies, aggiunti allo Statuto del contribuente (legge n. 212/2000) con il d.lgs. 219/2023 e precisamente:</li> </ol> <p>- autotutela &ldquo;obbligatoria&rdquo; l\'obbligo per l\'amministrazione di ritirare spontaneamente atti che siano viziati da errori palesi, come scambio di persona, errori di calcolo o mancata considerazione di pagamenti eseguiti;</p> <p>- autotutela &ldquo;facoltativa&rdquo; la facolt&agrave; per l\'amministrazione di annullare comunque atti ritenuti illegittimi, ancorch&eacute; divenuti definitivi e/o in pendenza di un giudizio.</p> <ol start=\"16\"> <li><strong> </strong>Nel caso di autotutela obbligatoria, il ricorso sar&agrave; possibile anche se l\'amministrazione rimane inerte, manifestando un diniego tacito all\'istanza diparte; nel caso di autotutela facoltativa, &egrave; possibile impugnare soltanto il &ldquo;rifiuto espresso&rdquo; all\'istanza di parte, con la conseguenza che sar&agrave; necessario ottenere dall\'amministrazione un apposito provvedimento di diniego.</li> </ol>', 1),
(28, 2, 20, 0, 0, 0, '', '<ol> <li><strong> </strong>A decorrere dal 1&deg; gennaio 2020 sono abrogati: l\'articolo 8, ad eccezione del comma 1, e l\'articolo 9, ad eccezione del comma 9, del decreto legislativo 14 marzo 2011, n. 23; l\'articolo 13, commi da 1 a 12-ter e 13-bis, del decreto-legge 6 dicembre 2011, n. 201, convertito, con modificazioni, dalla legge 22 dicembre 2011, n. 214; il comma 639 nonch&eacute; i commi successivi dell\'articolo 1 della legge 27 dicembre 2013, n. 147, concernenti l\'istituzione e la disciplina dell\'imposta comunale unica (IUC), limitatamente alle disposizioni riguardanti la disciplina dell\'IMU e della TASI. Restano ferme le disposizioni che disciplinano la TARI. Sono altres&igrave; abrogate le disposizioni incompatibili con l\'IMU disciplinata dalla LEGGE 27 dicembre 2019, n. 160 &ndash; ART.1 commi da 739 a 783.</li> </ol> <p>Restano ferme le disposizioni recate dall\'articolo 1, comma 728, della legge 27 dicembre 2017, n. 205, nonch&eacute; dall\'articolo 38 del decreto-legge 26 ottobre 2019, n. 124, in ordine al quale il rinvio al citato articolo 13 del decreto-legge n. 201 del 2011 deve intendersi riferito alle disposizioni della legge sulla riforma dell\'IMU.</p>', 1),
(29, 2, 21, 0, 0, 0, '', '<ol> <li><strong> </strong>Per quanto non specificamente ed espressamente previsto dal presente Regolamento si rinvia alle norme legislative inerenti l&rsquo;imposta municipale propria (IMU) in base alla disciplina di cui alla LEGGE 27 dicembre 2019, n. 160 &ndash; ART.1 commi da 739 a 783, alla Legge 27 Luglio 2000, n.212 &ldquo; Statuto dei diritti del contribuente&rdquo;, al Decreto Legislativo n.219 del 30/12/2023 &ldquo;Modifiche allo statuto dei diritti del contribuente&rdquo;, al Decreto Legislativo n.220 del 30/12/2023 &ldquo;Disposizioni in materia di contenzioso tributario&rdquo;, ed ai regolamenti vigenti in materia, oltre a tutte le altre disposizioni normative comunque applicabili all&rsquo;imposta e tutte le successive modificazioni ed integrazioni della normativa regolanti la specifica materia.</li> </ol>', 1),
(30, 2, 22, 0, 0, 0, '', '<ol> <li><strong> </strong>Il presente regolamento ha effetto dal <strong>1&deg; gennaio 2024.</strong></li> </ol>', 1),
(34, 3, 0, 0, 0, 0, '', '<strong>===================================================================</strong>', 4),
(35, 3, 0, 0, 0, 0, '', '<p>Assegnati n. 13&nbsp;&nbsp;&nbsp;&nbsp;&nbsp;&nbsp;&nbsp;&nbsp;&nbsp;&nbsp;&nbsp;&nbsp;&nbsp;&nbsp;&nbsp;&nbsp;&nbsp;&nbsp;&nbsp;&nbsp;&nbsp;&nbsp;&nbsp;&nbsp;&nbsp;&nbsp;&nbsp;&nbsp;&nbsp;&nbsp;&nbsp;&nbsp;&nbsp;&nbsp;&nbsp;&nbsp;&nbsp; Presenti n.&nbsp; 12<br />In carica n. 13&nbsp;&nbsp;&nbsp;&nbsp;&nbsp;&nbsp;&nbsp;&nbsp;&nbsp;&nbsp;&nbsp;&nbsp;&nbsp;&nbsp;&nbsp;&nbsp;&nbsp;&nbsp;&nbsp;&nbsp;&nbsp;&nbsp;&nbsp;&nbsp;&nbsp;&nbsp;&nbsp;&nbsp;&nbsp;&nbsp;&nbsp;&nbsp;&nbsp;&nbsp; &nbsp;&nbsp; &nbsp; Assenti&nbsp; n.&nbsp;&nbsp; 1<br />E&rsquo; altres&igrave; presente l&rsquo;Assessore Simonetti Mirka.</p>\r\n<p>Risultato&nbsp; che gli intervenuti sono in numero legale:<br />- Presiede la Signora PIERANGELI LAURA in qualit&agrave; di Presidente del Consiglio Comunale<br />- Partecipa con funzioni consultive, referenti, di assistenza e verbalizzazione (art.97, comma 4 del D.L.gvo 18.8.2000 n. 267) il Segretario comunale dott.ssa Bonanni Marcella.<br />-&nbsp; La seduta &eacute; Pubblica<br />-&nbsp; Nominati scrutatori i Signori:</p>\r\n<p>&nbsp;</p>\r\n<p>BALDASSARRI MATTEO<br />BELLAGAMBA ERICA<br />GIRALDI LUCIA</p>\r\n<p>&nbsp;</p>\r\n<p>il Presidente dichiara aperta la discussione sull\'argomento in oggetto regolarmente iscritto all\'ordine del giorno.</p>\r\n<p>Visto il Testo Unico delle leggi sull\'ordinamento degli Enti Locali, di cui al D.Lgvo 18/08/2000, n.267;</p>\r\n<p>Visti gli allegati pareri espressi sulla presente deliberazione dai competenti responsabili di servizio.</p>', 5),
(33, 3, 0, 0, 4, 0, '', '7||4||0||0|| ||0|| ||1', 3),
(36, 3, 0, 0, 0, 0, '', '<p>PIERANGELI LAURA</p>\r\n<p>Presidente del Consiglio<br />Passiamo ora al sesto punto all\'ordine del giorno proposta n. 12 \"Approvazione regolamento per l\'applicazione dell\'imposta Municipale propria IMU anno 2024\".&nbsp; Quindi do la parola all\'Assessore Bettini.&nbsp; Ricordo che abbiamo qui anche presente il funzionario Lucio Guerra, e quindi se qualcuno ha chiarimenti di natura prettamente tecnica, &egrave; qui che stasera ci controlla anche lo streaming, e quindi se avrete comunque chiarimenti di natura prettamente tecnica si &egrave; reso disponibile il funzionario.&nbsp; Prego Assessore Bettini.</p>\r\n<p>BETTINI SARA<br />Assessore<br />Allora, per quanto riguarda la proposta n. 12, andiamo a modificare il regolamento che riguarda l\'IMU, questo perch&eacute; riceviamo alcune modifiche tecniche all\'interno del regolamento. Allora, partiamo con la modifica dell\'articolo 3 definizioni abitazione principale. Tenuto conto della sentenza 209 del 2022 con la quale la Corte Costituzionale ha di fatto completamente riscritto la disciplina dell\'IMU per l\'abitazione principale, viene praticamente cambiata questa definizione ed &egrave; stato eliminato il riferimento al nucleo familiare. Per quanto riguarda poi la modifica invece dell\'articolo n. 9 che fa riferimento alla determinazione delle aliquote, vista la legge del 27 novembre del 2023 la n. 170, con la quale l\'obbligo di redigere la delibera, l\'approvazione delle aliquote dell\'IMU, tramite l\'elaborazione del prospetto, utilizzando l\'applicazione informatica messa a disposizione sul portale del Ministero dell\'Economia e delle Finanze a decorrere dell\'anno 2025, in precedenza era stato messo il 2024, quindi l\'obbligo di diversificare l\'aliquota dell\'IMU utilizzando obbligatoriamente la fattispecie individuata dallo Stato. Vi ricordo che il riferimento all\'IMU, noi abbiamo gi&agrave; approvato le aliquote a dicembre, e comunque anche con diciamo Lucio Guerra aveva gi&agrave; controllato quello che &egrave; il nostro prospetto e siamo in linea.&nbsp; Poi abbiamo la modifica dell\'articolo 17: contenzioso contraddittorio autotutela e l\'adempimento del contenzioso con l\'abrogazione&nbsp; della mediazione e l\'inserimento del contraddittorio preventivo e nuova disciplina della tutela, in quanto con i decreti legislativi 219. e 220, viene soppressa la mediazione e il momento del contraddittorio viene spostato in un momento precedente alla notifica dell\'avviso di accertamento e viene modificato l\'istituto della tutela.&nbsp; Questa modifica poi la ritroveremo anche nel regolamento della TARI. Quindi in realt&agrave; diciamo come modifiche sono tutte recepite quelli che sono i regolamenti nazionali.</p>\r\n<p>PIERANGELI LAURA<br />Presidente del Consiglio<br />Grazie Assessore Bettini.&nbsp; Ci sono degli interventi da fare, dei chiarimenti per quanto riguarda queste modifiche al regolamento? Prego.</p>\r\n<p>SEBASTIANELLI RAFFAELE<br />Consigliere di minoranza<br />Mi pare che l\'Assessore Bettini sia stata esplicita, nel senso che sono modifiche possiamo dire dovute, cio&egrave; non &egrave; che possiamo far tanto, quindi che dobbiamo dire? Cio&egrave;, se vogliamo parlare possiamo parlare anche mezz\'ora, ma insomma.</p>\r\n<p>PIERANGELI LAURA<br />Presidente del Consiglio<br />Se non&nbsp; ci sono interventi.<br />Dichiarazioni di&nbsp; voto. Prego?</p>\r\n<p>FABRI GIORGIA<br />Consigliere di minoranza<br />Il gruppo Voce Comune si astiene.</p>\r\n<p>PIERANGELI LAURA<br />Presidente del Consiglio<br />Grazie. Altri? Prego.&nbsp;</p>\r\n<p>ALOISI ALESSANDRO<br />Consigliere di maggioranza<br />Noi come maggioranza invece approviamo.</p>\r\n<p>PIERANGELI LAURA<br />Presidente del Consiglio<br />Passiamo alla votazione della proposta,&nbsp; favorevoli alla proposta n. 12? Contrari? Astenuti? 4<br />Votiamo ora per l\'immediata eseguibilit&agrave; del provvedimento.&nbsp; Favorevoli? Contrari? Astenuti?</p>', 6),
(37, 3, 0, 0, 0, 0, '', '<p style=\"text-align: center;\"><strong>IL CONSIGLIO COMUNALE</strong></p>\r\n<p><strong>&nbsp;</strong></p>\r\n<p><strong>VISTA </strong>la legge 27 dicembre 2019, n. 160 (legge di stabilit&agrave; 2020), con la quale &egrave; stato stabilito che a decorrere dall\'anno 2020, l\'imposta unica comunale (iuc) di cui all\'articolo 1, comma 639, della legge 27 dicembre 2013, n. 147, &egrave; abolita, ad eccezione delle disposizioni relative alla tassa sui rifiuti (tari), e l&rsquo;imposta municipale propria (imu) &egrave; disciplinata dalle disposizioni di cui all&rsquo;art.1 commi da 739 a 783 della medesima legge 27 dicembre 2019, n. 160 \"bilancio di previsione dello stato per l\'anno finanziario 2020 e bilancio pluriennale per il triennio 2020-2022\" (pubblicata in gu serie generale n.304 del 30-12-2019 - suppl. ordinario n. 45) ;</p>\r\n<p><strong>ATTESO</strong> pertanto che con l&rsquo;abolizione della \"iuc\" viene di fatto abolita la componente \"tasi\" (tributo per i servizi indivisibili) con conseguente unificazione imu-tasi nella imposta municipale propria (imu) per la quale viene disposta una nuova disciplina;</p>\r\n<p><strong>VISTA </strong>la LEGGE 29 dicembre 2022, n. 197 \"Bilancio di previsione dello Stato per l&rsquo;anno finanziario 2023 e bilancio pluriennale per il triennio 2023-2025\" con la quale &egrave; stato tra l&rsquo;altro stabilito in materia IMU :</p>\r\n<ol start=\"837\">\r\n<li>All&rsquo;articolo 1 della legge 27 dicembre 2019, n. 160, sono apportate le seguenti modificazioni:<br />a) al comma 756, concernente l&rsquo;individuazione delle fattispecie rispetto alle quali possono essere diversificate le aliquote dell&rsquo;IMU, &egrave; aggiunto, in fine, il seguente periodo:<br /><br />&laquo;Con decreto del Ministro dell&rsquo;economia e delle finanze, sentita la Conferenza Stato-citt&agrave; ed autonomie locali, possono essere modificate o integrate le fattispecie individuate con il decreto di cui al primo periodo&raquo;;</li>\r\n</ol>\r\n<ol start=\"756\">\r\n<li><em> A decorrere dall\'anno 2021, i comuni, in deroga all\'articolo 52 del decreto legislativo 15 dicembre 1997, n. 446, possono diversificare le aliquote di cui ai commi da 748 a 755 esclusivamente con riferimento alle fattispecie individuate con decreto del Ministro dell\'economia e delle finanze, da adottare entro centottanta giorni dalla data di entrata in vigore della presente legge, sentita la Conferenza Stato-citt&agrave; ed autonomie locali, che si pronuncia entro quarantacinque giorni dalla data di trasmissione. Decorso il predetto termine di quarantacinque giorni, il decreto pu&ograve; essere comunque adottato.</em></li>\r\n</ol>\r\n<p>LEGGE DI BILANCIO 2023 &ndash; AGGIUNTO IL PERIODO SEGUENTE <em>- <u>Con decreto del Ministro dell&rsquo;economia e delle finanze, sentita la Conferenza Stato-citt&agrave; ed autonomie locali, possono essere modificate o integrate le fattispecie individuate con il decreto di cui al primo periodo</u></em></p>\r\n<p>&nbsp;</p>\r\n<ol>\r\n<li>b) al comma 767, concernente la pubblicazione e l&rsquo;efficacia delle aliquote e dei regolamenti comunali per l&rsquo;applicazione dell&rsquo;IMU, &egrave; aggiunto, in fine, il seguente periodo:</li>\r\n</ol>\r\n<p>&laquo;In deroga all&rsquo;articolo 1, comma 169, della legge 27 dicembre 2006, n. 296, e al terzo periodo del presente comma, a decorrere dal primo anno di applicazione obbligatoria del prospetto di cui ai commi 756 e 757 del presente articolo, in mancanza di una delibera approvata secondo le modalit&agrave; previste dal comma 757 e pubblicata nel termine di cui al presente comma, si applicano le aliquote di base previste dai commi da 748 a 755&raquo;.</p>\r\n<ol start=\"767\">\r\n<li><em> Le aliquote e i regolamenti hanno effetto per l\'anno di riferimento a condizione che siano pubblicati sul sito internet del Dipartimento delle finanze del Ministero dell\'economia e delle finanze, entro il 28 ottobre dello stesso anno. Ai fini della pubblicazione, il comune &egrave; tenuto a inserire il prospetto delle aliquote di cui al comma 757 e il testo del regolamento, entro il termine perentorio del 14 ottobre dello stesso anno, nell\'apposita sezione del Portale del federalismo fiscale. In caso di mancata pubblicazione entro il 28 ottobre, si applicano le aliquote e i regolamenti vigenti nell\'anno precedente.<br /></em>LEGGE DI BILANCIO 2023 &ndash; AGGIUNTO IL PERIODO SEGUENTE - <em>In deroga all&rsquo;articolo 1, comma 169, della legge 27 dicembre 2006, n. 296, e al terzo periodo del presente comma, a decorrere dal primo anno di applicazione obbligatoria del prospetto di cui ai commi 756 e 757 del presente articolo, in mancanza di una delibera approvata secondo le modalit&agrave; previste dal comma 757 e pubblicata nel termine di cui al presente comma, si applicano le aliquote di base previste dai commi da 748 a 755</em></li>\r\n</ol>\r\n<p>TENUTO CONTO che con la sentenza n. 209 del 2022, la Corte Costituzionale ha di fatto <u>completamente riscritto la disciplina dell&rsquo;IMU per l&rsquo;abitazione principale</u>; Dopo aver rilevato sostanzialmente il contrasto della disciplina vigente con gli art. 3, 31 e 53 della Costituzione, la Corte ha proceduto a dichiarare l&rsquo;illegittimit&agrave; di tutte le norme che disciplinano l&rsquo;applicazione dell&rsquo;IMU all&rsquo;abitazione principale e a \"riscriverla\" in maniera costituzionalmente orientata;</p>\r\n<p>EVIDENZATO, in sintesi, che per la Corte Costituzionale il riferimento al \"nucleo familiare\" non pu&ograve; essere considerato rilevante ai fini della disciplina dell&rsquo;IMU per l&rsquo;abitazione principale in quanto determina evidenti contrasti con i principi costituzionali; pertanto \"la nuova\" definizione di abitazione principale alla quale attenersi dovr&agrave; essere la seguente:</p>\r\n<p>&laquo;<em>per abitazione principale si intende l&rsquo;immobile, iscritto o iscrivibile nel catasto edilizio urbano come unica unit&agrave; immobiliare, nel quale il possessore dimora abitualmente e risiede anagraficamente</em>&raquo; e quindi sar&agrave; importante la verifica della \"dimora abituale\" del soggetto passivo;</p>\r\n<p>VISTA la Legge delega sulla riforma fiscale, approvata definitivamente con Legge 9 agosto 2023, n. 111, la quale conferisce una delega al Governo per la revisione del sistema tributario, da attuare entro 24 mesi dalla data di entrata in vigore della legge, mediante l&rsquo;emanazione di &ldquo;uno o pi&ugrave; decreti legislativi&rdquo; ;</p>\r\n<p>VISTO il Decreto legislativo del 30/12/2023 n. 219 &ldquo;Modifiche allo statuto dei diritti del contribuente&rdquo;;</p>\r\n<p>VISTO il Decreto legislativo del 30/12/2023 n. 220 &ldquo;Disposizioni in materia di contenzioso tributario&rdquo;;</p>\r\n<p><strong>CONSIDERATO </strong>che dal combinato disposto dei decreti legislativi 219 e 220 vi &egrave; una profonda revisione del procedimento di accertamento tributario, con una modifica sostanziale della autotutela, obbligatoria e facoltativa, e con l&rsquo;inserimento del contraddittorio preventivo, che va di fatto a sostituire la mediazione e pone il procedimento di contraddittorio in un momento precedente alla notifica dell&rsquo;avviso di accertamento;</p>\r\n<p><strong>VISTO</strong> l\'art. 1, comma 169, L. 27 dicembre 2006, n. 296 secondo il quale \"gli enti locali deliberano le tariffe e le aliquote relative ai tributi di loro competenza entro la data fissata da norme statali per la deliberazione del bilancio di previsione. Dette deliberazioni, anche se approvate successivamente all\'inizio dell\'esercizio purch&eacute; entro il termine innanzi indicato, hanno effetto dal 1&deg; gennaio dell\'anno di riferimento. In caso di mancata approvazione entro il suddetto termine, le tariffe e le aliquote si intendono prorogate di anno in anno\";</p>\r\n<p><strong>VISTO </strong>l\'art. 53, comma 16, L. 23 dicembre 2000, n. 388 secondo il quale il termine per approvare i regolamenti relativi alle entrate degli enti locali, &egrave; stabilito entro la data fissata da norme statali per la deliberazione del bilancio di previsione. I regolamenti, anche se approvati successivamente all\'inizio dell\'esercizio purch&eacute; entro il termine di approvazione del bilancio, hanno effetto dal 1&deg; gennaio dell\'anno di riferimento;</p>\r\n<p><strong>VISTA </strong>la delibera di Consiglio Comunale n. 70 del 22-12-2023 con la quale sono state approvate le Aliquote IMU anno 2024, pubblicato sul Portale del Federalismo in data 09-02-2024;</p>\r\n<p><strong>VISTO </strong>il vigente Regolamento IMU approvato con Delibera di Consiglio Comunale n.9 del 04/06/2020&nbsp;&nbsp;&nbsp;&nbsp;&nbsp;&nbsp;&nbsp;&nbsp;&nbsp; e pubblicata sul portale del federalismo in data 01/07/2020;</p>\r\n<p><strong>VISTO </strong>il decreto del Ministro dell\'Interno del 22 dicembre 2023 con il quale &egrave; stato differito, al 15 marzo 2024, il termine per la deliberazione del bilancio di previsione 2024-2026 degli enti locali, ai sensi dell\'art. 151, comma 1, del TUEL;</p>\r\n<p>VISTO il parere favorevole espresso dal Revisore Unico sulla proposta di delibera concernente l&rsquo;oggetto in data 4/3/2024;</p>\r\n<p>VISTO l&rsquo;allegato parere favorevole in ordine alla regolarit&agrave; tecnica, attestante la correttezza amministrativa, reso dal responsabile di servizio, ex artt. 49, 1^ comma e 147 bis, 1^ comma, T.U.E.L.;</p>\r\n<p>ATTESO, altres&igrave;, che, sulla presente deliberazione, il Responsabile Servizi Finanziari, dott.ssa Marinella Sebastianelli, ha espresso, ai sensi degli artt. 49, comma 1 e 147 bis, comma 1, D. Lgs. 267/2000, parere favorevole di regolarit&agrave; contabile;</p>\r\n<p>A seguito di votazione espressa in forma palese&nbsp; per alzata di mano, con il seguente esito:<br />Consiglieri presenti: n. 12<br />Voti favorevoli: n.&nbsp; 8<br />Voti contrari: //<br />Astenuti: n. 4 (Sig.ri Cons.&nbsp; Fabri, Giraldi, Maori, Sebastianelli)</p>\r\n<p style=\"text-align: center;\"><strong>D E L I B E R A</strong></p>\r\n<ol>\r\n<li><strong> </strong>di dare atto che le premesse sono parte integrate e sostanziale del dispositivo del presente provvedimento;</li>\r\n<li><strong> </strong>di approvare l&rsquo;allegato REGOLAMENTO per l&rsquo;applicazione dell&rsquo;Imposta Municipale Propria \"IMU\" ANNO 2024:</li>\r\n<li><strong> </strong>di pubblicare il presente atto deliberativo sul sito internet del Dipartimento delle finanze del Ministero dell\'economia e delle finanze, entro il 28 ottobre 2024; per tale finalit&agrave; l&rsquo;atto sar&agrave; inserito entro il termine del 14 ottobre 2024, nell\'apposita sezione del Portale del federalismo fiscale.</li>\r\n<li><strong> </strong>di dichiarare l\'immediata eseguibilit&agrave; del presente atto, ai sensi dell\'art. 134, 4^ comma del D. Lgs. 18/8/2000 n. 267, a seguito di votazione palese espressa per alzata di mano, con il seguente esito:</li>\r\n</ol>\r\n<p>&nbsp;</p>\r\n<p>Consiglieri presenti: n. 12<br />Voti favorevoli: n.&nbsp; 8<br />Voti contrari: //<br />Astenuti: n. 4 (Sig.ri Cons.&nbsp; Fabri, Giraldi, Maori, Sebastianelli)</p>', 7),
(38, 3, 0, 0, 0, 0, '', '<p>IL RESPONSABILE DEL SERVIZIO INTERESSATO PER QUANTO CONCERNE LA REGOLARITA\' TECNICA ATTESTANTE, ALTRESI\', LA CORRETTEZZA DELL\'AZIONE AMMINISTRATIVA, HA ESPRESSO IL SEGUENTE PARERE:</p>\r\n<p>&nbsp;</p>\r\n<p style=\"text-align: center;\">PARERE FAVOREVOLE</p>\r\n<p>&nbsp;</p>\r\n<table>\r\n<tbody>\r\n<tr>\r\n<td width=\"288\">\r\n<p>Corinaldo, 23-02-2024</p>\r\n</td>\r\n<td width=\"288\">\r\n<p><strong>IL RESPONSABILE</strong></p>\r\n<p><strong>DEL SERVIZIO INTERESSATO</strong></p>\r\n<p>F.to&nbsp; Lucio Guerra</p>\r\n<p>&nbsp;</p>\r\n<p>&nbsp;</p>\r\n</td>\r\n</tr>\r\n</tbody>\r\n</table>\r\n<p>IL RESPONSABILE DELL\'UFFICIO SERVIZI FINANZIARI PER QUANTO CONCERNE LA REGOLARITA` CONTABILE HA ESPRESSO IL SEGUENTE PARERE:</p>\r\n<p>&nbsp;</p>\r\n<p style=\"text-align: center;\">PARERE FAVOREVOLE</p>\r\n<p>&nbsp;</p>\r\n<table>\r\n<tbody>\r\n<tr>\r\n<td width=\"288\">\r\n<p>Corinaldo, 24-02-2024<br /></p>\r\n</td>\r\n<td width=\"288\">\r\n<p><strong>IL RESPONSABILE</strong></p>\r\n<p><strong>DEI SERVIZI FINANZIARI</strong></p>\r\n<p>F.to Dott.ssa Marinella Sebastianelli</p>\r\n<p>&nbsp;</p>\r\n<p>&nbsp;</p>\r\n</td>\r\n</tr>\r\n</tbody>\r\n</table>', 8),
(39, 3, 0, 0, 0, 0, '', '<p>Il presente verbale, salva l\'ulteriore lettura e sua definitiva approvazione nella prossima seduta, viene sottoscritto come segue:</p>\r\n<p>&nbsp;</p>\r\n<table>\r\n<tbody>\r\n<tr>\r\n<td width=\"283\">\r\n<p><strong>IL SEGRETARIO COMUNALE</strong></p>\r\n</td>\r\n<td width=\"283\">\r\n<p><strong>IL PRESIDENTE</strong></p>\r\n</td>\r\n</tr>\r\n<tr>\r\n<td width=\"283\">\r\n<p>F.TO Bonanni Marcella</p>\r\n</td>\r\n<td width=\"283\">\r\n<p>F.TO PIERANGELI LAURA</p>\r\n</td>\r\n</tr>\r\n</tbody>\r\n</table>\r\n<p>&nbsp;</p>\r\n<p style=\"text-align: center;\"><strong>======================================================================</strong></p>\r\n<p>E\' copia conforme all\'originale da servire per uso amministrativo.</p>\r\n<p>&nbsp;</p>\r\n<p style=\"text-align: right;\">IL FUNZIONARIO INCARICATO</p>\r\n<p>Dalla Residenza Municipale,li&nbsp;&nbsp;&nbsp;&nbsp;&nbsp;&nbsp;&nbsp;&nbsp;&nbsp;&nbsp;&nbsp;&nbsp;&nbsp;&nbsp;&nbsp;&nbsp;</p>\r\n<p>&nbsp;</p>\r\n<p style=\"text-align: center;\"><strong>======================================================================<br /></strong> Il sottoscritto Segretario Comunale, visti gli atti d\'ufficio,</p>\r\n<p style=\"text-align: center;\"><strong>A T T E S T A </strong></p>\r\n<p>che la presente deliberazione:</p>\r\n<p>E\' stata affissa all\'Albo Pretorio per quindici giorni consecutivi: dal 09-04-24 al 24-04-24, come prescritto dall\'art. 124, comma 1^, del D.L.gvo 18.8.2000 n. 267, senza reclami.</p>\r\n<p>-&nbsp; che&nbsp; la&nbsp; presente&nbsp; deliberazione&nbsp; &eacute;&nbsp; divenuta&nbsp; esecutiva il giorno</p>\r\n<p>&nbsp;&nbsp;&nbsp;&nbsp;&nbsp;&nbsp;&nbsp; ;<br />&nbsp;</p>\r\n<div style=\"padding-left: 390px;\"><strong>&nbsp;&nbsp;&nbsp;&nbsp;&nbsp;&nbsp;&nbsp;&nbsp;&nbsp;&nbsp;&nbsp;&nbsp;&nbsp;&nbsp;&nbsp;&nbsp;&nbsp;&nbsp;&nbsp;&nbsp;&nbsp;&nbsp;&nbsp;&nbsp;&nbsp;&nbsp;&nbsp;&nbsp;&nbsp;&nbsp;&nbsp;&nbsp;&nbsp;&nbsp;&nbsp;&nbsp;&nbsp;&nbsp;&nbsp;&nbsp;&nbsp;&nbsp; IL SEGRETARIO COMUNALE</strong></div>\r\n<div style=\"padding-left: 390px;\"><strong>&nbsp;&nbsp;&nbsp;&nbsp;&nbsp;&nbsp;&nbsp;&nbsp;&nbsp;&nbsp;&nbsp;&nbsp;&nbsp;&nbsp;&nbsp;&nbsp;&nbsp;&nbsp;&nbsp;&nbsp;&nbsp;&nbsp;&nbsp;&nbsp;&nbsp;&nbsp;&nbsp;&nbsp;&nbsp;&nbsp;&nbsp;&nbsp;&nbsp;&nbsp;&nbsp;&nbsp;&nbsp;&nbsp;&nbsp;&nbsp;&nbsp;&nbsp; </strong>F.TO: Bonanni Marcella</div>\r\n<p>&nbsp;</p>\r\n<p><strong>======================================================================</strong></p>\r\n<p>&nbsp;E\' copia conforme all\'originale da servire per uso amministrativo.</p>\r\n<p><br /></p>\r\n<p>Dalla Residenza Municipale,li&nbsp;&nbsp;&nbsp;&nbsp;&nbsp;&nbsp;&nbsp;&nbsp;&nbsp;&nbsp;&nbsp;&nbsp;&nbsp;&nbsp;&nbsp;&nbsp;</p>\r\n<p>&nbsp;</p>\r\n<p>&nbsp;</p>', 9),
(40, 1, 24, 0, 0, 0, '', 'prova', 1),
(41, 1, 2, 0, 0, 0, '', 'prova testo sezione', 1),
(42, 1, 25, 0, 0, 0, '', 'aaa3', 1),
(43, 1, 2, 5, 0, 0, '', 'ddd', 1),
(44, 1, 2, 0, 0, 0, '', 'fdmyydtmyydym', 2),
(45, 1, 1, 0, 0, 0, '', 'sub 1', 1),
(46, 1, 1, 6, 0, 0, '', 'text', 1),
(47, 1, 2, 5, 4, 0, '', '1||4||0||0|| ||0|| ||0', 2),
(48, 1, 2, 5, 0, 0, '', 'gggggggggggggggg', 3),
(49, 1, 2, 2, 0, 0, '', 'lorem', 2),
(64, 1, 2, 0, 0, 1, 'images/artemedia/artemedia-srl-1737414744.png', '', 3),
(62, 1, 1, 1, 0, 1, 'images/artemedia/acq-fiora-1737414678.png', '', 2),
(63, 1, 1, 0, 0, 1, 'images/artemedia/71dw7bbpl.uy560-1737414695.jpg', '', 2),
(61, 1, 0, 0, 0, 1, 'images/artemedia/artemedia-srl-1737414654.png', '', 9),
(65, 1, 2, 2, 0, 1, 'images/artemedia/cid-ii-ln5ktr0z2-1737414761.png', '', 3),
(66, 1, 2, 2, 0, 1, 'images/artemedia/aquanumerica-1737414863.png', '', 4),
(67, 1, 2, 5, 0, 1, 'images/artemedia/cos-e-la-cessione-del-quinto-1737414927.jpg', '', 4);

-- --------------------------------------------------------

--
-- Struttura della tabella `pdf_subsections`
--

CREATE TABLE IF NOT EXISTS `pdf_subsections` (
  `id_subsection` int(11) NOT NULL AUTO_INCREMENT,
  `id_document` int(11) NOT NULL DEFAULT '0',
  `id_section` int(11) NOT NULL DEFAULT '0',
  `title_subsection` varchar(250) NOT NULL DEFAULT '',
  `centrato` tinyint(1) NOT NULL DEFAULT '0',
  `sub_title` varchar(250) NOT NULL,
  `description` text NOT NULL,
  `order_num` smallint(6) NOT NULL DEFAULT '0',
  PRIMARY KEY (`id_subsection`),
  KEY `order_num` (`order_num`),
  KEY `id_document` (`id_document`),
  KEY `id_section` (`id_section`),
  KEY `order_num_2` (`order_num`)
) ENGINE=MyISAM AUTO_INCREMENT=7 DEFAULT CHARSET=utf8mb4;

--
-- Dump dei dati per la tabella `pdf_subsections`
--

INSERT INTO `pdf_subsections` (`id_subsection`, `id_document`, `id_section`, `title_subsection`, `centrato`, `sub_title`, `description`, `order_num`) VALUES
(1, 1, 1, 'title subsection 1', 0, '', '', 1),
(2, 1, 2, 'title subsection 2', 0, 'subt', '', 1),
(5, 1, 2, 'sub sez 2', 0, 'dd', '', 2),
(6, 1, 1, 'sub 1.2', 0, '', '', 2);